{
    "name": "root",
    "gauges": {
        "Parking-S4-3-alt_CarDrive.Policy.Entropy.mean": {
            "value": 1.498127818107605,
            "min": 1.4963576793670654,
            "max": 1.5104323625564575,
            "count": 100
        },
        "Parking-S4-3-alt_CarDrive.Environment.EpisodeLength.mean": {
            "value": 23705.0,
            "min": 85.7,
            "max": 23705.0,
            "count": 43
        },
        "Parking-S4-3-alt_CarDrive.Policy.ExtrinsicValueEstimate.mean": {
            "value": 0.033970192074775696,
            "min": -0.584950864315033,
            "max": 6.108334064483643,
            "count": 100
        },
        "Parking-S4-3-alt_CarDrive.Environment.CumulativeReward.mean": {
            "value": -100.88999753631651,
            "min": -100.88999753631651,
            "max": 3649.879989022389,
            "count": 43
        },
        "Parking-S4-3-alt_CarDrive.Policy.ExtrinsicReward.mean": {
            "value": -100.88999753631651,
            "min": -100.88999753631651,
            "max": 3649.879989022389,
            "count": 43
        },
        "Parking-S4-3-alt_CarDrive.IsTraining.mean": {
            "value": 1.0,
            "min": 1.0,
            "max": 1.0,
            "count": 100
        },
        "Parking-S4-3-alt_CarDrive.Losses.ValueLoss.mean": {
            "value": 31.87276840209961,
            "min": 0.07261879742145538,
            "max": 479.7822570800781,
            "count": 96
        },
        "Parking-S4-3-alt_CarDrive.Losses.PolicyLoss.mean": {
            "value": 0.02529389038681984,
            "min": 0.016123401001095772,
            "max": 0.03189026936888695,
            "count": 96
        },
        "Parking-S4-3-alt_CarDrive.Policy.LearningRate.mean": {
            "value": 3.053508180528297e-06,
            "min": 3.053508180528297e-06,
            "max": 0.0002969175693579018,
            "count": 96
        }
    },
    "metadata": {
        "timer_format_version": "0.1.0",
        "start_time_seconds": "1592842961",
        "python_version": "3.7.7 (tags/v3.7.7:d7c567b08f, Mar 10 2020, 10:41:24) [MSC v.1900 64 bit (AMD64)]",
        "command_line_arguments": "C:\\Users\\abate\\AppData\\Local\\Programs\\Python\\Python37\\Scripts\\mlagents-learn onemln_config.yaml --run-id=Parking-S4-3-alt --initialize-from=Parking-S4-2-alt",
        "mlagents_version": "0.16.1",
        "mlagents_envs_version": "0.16.1",
        "communication_protocol_version": "1.0.0",
        "tensorflow_version": "2.2.0",
        "end_time_seconds": "1592844755"
    },
    "total": 1794.1259823,
    "count": 1,
    "self": 0.2192677000000458,
    "children": {
        "run_training.setup": {
            "total": 0.008038399999999779,
            "count": 1,
            "self": 0.008038399999999779
        },
        "TrainerController.start_learning": {
            "total": 1793.8986762,
            "count": 1,
            "self": 28.826428399987435,
            "children": {
                "TrainerController._reset_env": {
                    "total": 9.8558876,
                    "count": 1,
                    "self": 9.8558876
                },
                "TrainerController.advance": {
                    "total": 1754.9317199000125,
                    "count": 31389,
                    "self": 0.5040041000147539,
                    "children": {
                        "env_step": {
                            "total": 1754.4277157999977,
                            "count": 31389,
                            "self": 1714.728760299993,
                            "children": {
                                "SubprocessEnvManager._take_step": {
                                    "total": 39.221389800003905,
                                    "count": 31389,
                                    "self": 1.9079954999960407,
                                    "children": {
                                        "NNPolicy.evaluate": {
                                            "total": 37.313394300007865,
                                            "count": 31284,
                                            "self": 37.313394300007865
                                        }
                                    }
                                },
                                "workers": {
                                    "total": 0.47756570000082554,
                                    "count": 31389,
                                    "self": 0.0,
                                    "children": {
                                        "worker_root": {
                                            "total": 1782.3233789999804,
                                            "count": 31389,
                                            "is_parallel": true,
                                            "self": 185.05360769998651,
                                            "children": {
                                                "steps_from_proto": {
                                                    "total": 0.0018978000000000605,
                                                    "count": 1,
                                                    "is_parallel": true,
                                                    "self": 0.00021249999999994884,
                                                    "children": {
                                                        "_process_vector_observation": {
                                                            "total": 0.0016853000000001117,
                                                            "count": 4,
                                                            "is_parallel": true,
                                                            "self": 0.0016853000000001117
                                                        }
                                                    }
                                                },
                                                "UnityEnvironment.step": {
                                                    "total": 1597.2678734999938,
                                                    "count": 31389,
                                                    "is_parallel": true,
                                                    "self": 16.099714599989056,
                                                    "children": {
                                                        "UnityEnvironment._generate_step_input": {
                                                            "total": 11.06211860000261,
                                                            "count": 31389,
                                                            "is_parallel": true,
                                                            "self": 11.06211860000261
                                                        },
                                                        "communicator.exchange": {
                                                            "total": 1504.225521700005,
                                                            "count": 31389,
                                                            "is_parallel": true,
                                                            "self": 1504.225521700005
                                                        },
                                                        "steps_from_proto": {
                                                            "total": 65.88051859999729,
                                                            "count": 31389,
                                                            "is_parallel": true,
                                                            "self": 5.076311999988114,