{
    "name": "root",
    "metadata": {
        "timer_format_version": "0.1.0",
        "start_time_seconds": "1591041636",
        "python_version": "3.7.7 (tags/v3.7.7:d7c567b08f, Mar 10 2020, 10:41:24) [MSC v.1900 64 bit (AMD64)]",
        "command_line_arguments": "C:\\Users\\abate\\AppData\\Local\\Programs\\Python\\Python37\\Scripts\\mlagents-learn trainer_config.yaml --run-id=autoemmy --force",
        "mlagents_version": "0.16.1",
        "mlagents_envs_version": "0.16.1",
        "communication_protocol_version": "1.0.0",
        "tensorflow_version": "2.2.0",
        "end_time_seconds": "1591041657"
    },
    "total": 21.3938677,
    "count": 1,
    "self": 0.000701400000004071,
    "children": {
        "run_training.setup": {
            "total": 0.007066399999999806,
            "count": 1,
            "self": 0.007066399999999806
        },
        "TrainerController.start_learning": {
            "total": 21.386099899999998,
            "count": 1,
            "self": 2.305596700000013,
            "children": {
                "TrainerController._reset_env": {
                    "total": 6.807903399999999,
                    "count": 1,
                    "self": 6.807903399999999
                },
                "TrainerController.advance": {
                    "total": 11.907730799999984,
                    "count": 1674,
                    "self": 0.02356699999992351,
                    "children": {
                        "env_step": {
                            "total": 11.88416380000006,
                            "count": 1674,
                            "self": 10.817562799999997,
                            "children": {
                                "SubprocessEnvManager._take_step": {
                                    "total": 1.04361059999996,
                                    "count": 1674,
                                    "self": 0.05430589999992819,
                                    "children": {
                                        "NNPolicy.evaluate": {
                                            "total": 0.9893047000000319,
                                            "count": 1284,
                                            "self": 0.9893047000000319
                                        }
                                    }
                                },
                                "workers": {
                                    "total": 0.02299040000010244,
                                    "count": 1673,
                                    "self": 0.0,
                                    "children": {
                                        "worker_root": {
                                            "total": 13.901637899999994,
                                            "count": 1673,
                                            "is_parallel": true,
                                            "self": 5.618513199999935,
                                            "children": {
                                                "steps_from_proto": {
                                                    "total": 0.0008603999999996503,
                                                    "count": 1,
                                                    "is_parallel": true,
                                                    "self": 0.0002136999999997613,
                                                    "children": {
                                                        "_process_vector_observation": {
                                                            "total": 0.000646699999999889,
                                                            "count": 4,
                                                            "is_parallel": true,
                                                            "self": 0.000646699999999889
                                                        }
                                                    }
                                                },
                                                "UnityEnvironment.step": {
                                                    "total": 8.282264300000058,
                                                    "count": 1673,
                                                    "is_parallel": true,
                                                    "self": 0.19868730000012924,
                                                    "children": {
                                                        "UnityEnvironment._generate_step_input": {
                                                            "total": 0.14984729999996915,
                                                            "count": 1673,
                                                            "is_parallel": true,
                                                            "self": 0.14984729999996915
                                                        },
                                                        "communicator.exchange": {
                                                            "total": 7.404910399999972,
                                                            "count": 1673,
                                                            "is_parallel": true,
                                                            "self": 7.404910399999972
                                                        },
                                                        "steps_from_proto": {
                                                            "total": 0.5288192999999879,
                                                            "count": 1673,
                                                            "is_parallel": true,
                                                            "self": 0.17498199999988806,
                                                            "children": {
                                                                "_process_vector_observation": {
                                                                    "total": 0.35383730000009983,
                                                                    "count": 6692,
                                                                    "is_parallel": true,
                                                                    "self": 0.35383730000009983
                                                                }
                                                            }
                                                        }
                                                    }
                                                }
                                            }
                                        }
                                    }
                                }
                            }
                        }
                    }
                },
                "trainer_threads": {
                    "total": 2.2799999999989495e-05,
                    "count": 1,
                    "self": 2.2799999999989495e-05,
                    "children": {
                        "thread_root": {
                            "total": 0.0,
                            "count": 0,
                            "is_parallel": true,
                            "self": 0.0,
                            "children": {
                                "trainer_advance": {
                                    "total": 12.475680799999989,
                                    "count": 5090,
                                    "is_parallel": true,
                                    "self": 0.21382220000006313,
                                    "children": {
                                        "process_trajectory": {
                                            "total": 12.261858599999925,
                                            "count": 5090,