{
    "name": "root",
    "gauges": {
        "CrossWalkS7_7_CarDrive.Policy.Entropy.mean": {
            "value": 0.8313391208648682,
            "min": 0.8301951289176941,
            "max": 0.8313391208648682,
            "count": 4
        },
        "CrossWalkS7_7_CarDrive.Policy.ExtrinsicValueEstimate.mean": {
            "value": 376.3266296386719,
            "min": 261.2145080566406,
            "max": 663.70556640625,
            "count": 4
        },
        "CrossWalkS7_7_CarDrive.Environment.EpisodeLength.mean": {
            "value": 182.97560975609755,
            "min": 182.97560975609755,
            "max": 214.42424242424244,
            "count": 4
        },
        "CrossWalkS7_7_CarDrive.Environment.CumulativeReward.mean": {
            "value": 5466.699677955814,
            "min": -653.0315581813003,
            "max": 11743.676234872,
            "count": 4
        },
        "CrossWalkS7_7_CarDrive.Policy.ExtrinsicReward.mean": {
            "value": 5466.699677955814,
            "min": -653.0315581813003,
            "max": 11743.676234872,
            "count": 4
        },
        "CrossWalkS7_7_CarDrive.IsTraining.mean": {
            "value": 1.0,
            "min": 1.0,
            "max": 1.0,
            "count": 4
        },
        "CrossWalkS7_7_CarDrive.Losses.ValueLoss.mean": {
            "value": 14961525.0,
            "min": 155594.265625,
            "max": 14961525.0,
            "count": 3
        },
        "CrossWalkS7_7_CarDrive.Losses.PolicyLoss.mean": {
            "value": 0.019046545028686523,
            "min": 0.019046545028686523,
            "max": 0.022074555978178978,
            "count": 3
        },
        "CrossWalkS7_7_CarDrive.Policy.LearningRate.mean": {
            "value": 0.0002814425970427692,
            "min": 0.0002814425970427692,
            "max": 0.00029384702793322504,
            "count": 3
        }
    },
    "metadata": {
        "timer_format_version": "0.1.0",
        "start_time_seconds": "1593594695",
        "python_version": "3.7.7 (tags/v3.7.7:d7c567b08f, Mar 10 2020, 11:52:54) [MSC v.1900 64 bit (AMD64)]",
        "command_line_arguments": "C:\\Users\\carmi\\AppData\\Local\\Packages\\PythonSoftwareFoundation.Python.3.7_qbz5n2kfra8p0\\LocalCache\\local-packages\\Python37\\Scripts\\mlagents-learn trainer_config.yaml --run-id=CrossWalkS7_7 --initialize-from CrossWalkS7_6",
        "mlagents_version": "0.16.1",
        "mlagents_envs_version": "0.16.1",
        "communication_protocol_version": "1.0.0",
        "tensorflow_version": "2.2.0",
        "end_time_seconds": "1593594788"
    },
    "total": 93.0736393,
    "count": 1,
    "self": 0.001110300000007669,
    "children": {
        "run_training.setup": {
            "total": 0.05108870000000021,
            "count": 1,
            "self": 0.05108870000000021
        },
        "TrainerController.start_learning": {
            "total": 93.0214403,
            "count": 1,
            "self": 5.882710399999581,
            "children": {
                "TrainerController._reset_env": {
                    "total": 7.973451900000001,
                    "count": 1,
                    "self": 7.973451900000001
                },
                "TrainerController.advance": {
                    "total": 78.63739180000042,
                    "count": 2601,
                    "self": 0.06924420000018472,
                    "children": {
                        "env_step": {
                            "total": 78.56814760000023,
                            "count": 2601,
                            "self": 73.45531869999985,
                            "children": {
                                "SubprocessEnvManager._take_step": {
                                    "total": 5.042023900000393,
                                    "count": 2601,
                                    "self": 0.23294350000062636,
                                    "children": {
                                        "NNPolicy.evaluate": {
                                            "total": 4.809080399999766,
                                            "count": 2601,
                                            "self": 4.809080399999766
                                        }
                                    }
                                },
                                "workers": {
                                    "total": 0.07080499999999468,
                                    "count": 2600,
                                    "self": 0.0,
                                    "children": {
                                        "worker_root": {
                                            "total": 84.03589979999987,
                                            "count": 2600,
                                            "is_parallel": true,
                                            "self": 23.425682600000037,
                                            "children": {
                                                "steps_from_proto": {
                                                    "total": 0.0033186999999994526,
                                                    "count": 1,
                                                    "is_parallel": true,
                                                    "self": 0.00028879999999897876,
                                                    "children": {
                                                        "_process_vector_observation": {
                                                            "total": 0.003029900000000474,
                                                            "count": 6,
                                                            "is_parallel": true,
                                                            "self": 0.003029900000000474
                                                        }
                                                    }
                                                },
                                                "UnityEnvironment.step": {
                                                    "total": 60.60689849999983,
                                                    "count": 2600,
                                                    "is_parallel": true,
                                                    "self": 2.5326668000003068,
                                                    "children": {
                                                        "UnityEnvironment._generate_step_input": {
                                                            "total": 1.4622220999998952,
                                                            "count": 2600,
                                                            "is_parallel": true,
                                                            "self": 1.4622220999998952
                                                        },
                                                        "communicator.exchange": {
                                                            "total": 44.7232531999998,
                                                            "count": 2600,
                                                            "is_parallel": true,
                                                            "self": 44.7232531999998
                                                        },
                                                        "steps_from_proto": {
                                                            "total": 11.888756399999828,
                                                            "count": 2600,
                                                            "is_parallel": true,
                                                            "self": 0.9408156000000094,