Steps,Policy/Entropy,Policy/Extrinsic Value Estimate,Environment/Episode Length,Environment/Cumulative Reward,Policy/Extrinsic Reward,Is Training
10000,1.3402483,13.439313,202.6875,-19189.53593570346,-19189.53593570346,1.0
20000,1.3397818,-1.5934718,212.66666666666666,-20733.4277259837,-20733.4277259837,1.0
30000,1.341798,-15.363896,204.89361702127658,-10342.448711813488,-10342.448711813488,1.0
40000,1.3417199,-30.308977,209.9787234042553,-24700.220043695324,-24700.220043695324,1.0
