Steps,Policy/Entropy,Policy/Extrinsic Value Estimate,Environment/Episode Length,Environment/Cumulative Reward,Policy/Extrinsic Reward,Is Training
10000,1.3271731,-1.1698006,209.9111111111111,-3.308888878424962,-3.308888878424962,1.0
20000,1.3237579,-0.98389894,198.92156862745097,-2.6450980340733246,-2.6450980340733246,1.0
30000,1.3218471,-0.94627196,201.0612244897959,-2.936734679098032,-2.936734679098032,1.0
40000,1.3210692,-0.8590206,204.6734693877551,-2.883673463853038,-2.883673463853038,1.0
