Steps,Policy/Entropy,Policy/Extrinsic Value Estimate,Environment/Episode Length,Environment/Cumulative Reward,Policy/Extrinsic Reward,Is Training
10000,0.8301951,663.70557,195.70454545454547,402.5198544588956,402.5198544588956,1.0
20000,0.8305321,527.9375,214.42424242424244,-653.0315581813003,-653.0315581813003,1.0
30000,0.8305748,261.2145,192.68571428571428,11743.676234872,11743.676234872,1.0
40000,0.8313391,376.32663,182.97560975609755,5466.699677955814,5466.699677955814,1.0
