{
    "name": "root",
    "gauges": {
        "CrossWalkS8_1_CarDrive.Policy.Entropy.mean": {
            "value": 0.7910721302032471,
            "min": 0.7899793982505798,
            "max": 0.8204983472824097,
            "count": 45
        },
        "CrossWalkS8_1_CarDrive.Policy.ExtrinsicValueEstimate.mean": {
            "value": 2114.50146484375,
            "min": 1454.3795166015625,
            "max": 2317.73974609375,
            "count": 45
        },
        "CrossWalkS8_1_CarDrive.Environment.EpisodeLength.mean": {
            "value": 409.06666666666666,
            "min": 120.15384615384616,
            "max": 642.8235294117648,
            "count": 45
        },
        "CrossWalkS8_1_CarDrive.Environment.CumulativeReward.mean": {
            "value": 37684.339700461554,
            "min": 3059.002726273476,
            "max": 49744.093848453835,
            "count": 45
        },
        "CrossWalkS8_1_CarDrive.Policy.ExtrinsicReward.mean": {
            "value": 37684.339700461554,
            "min": 3059.002726273476,
            "max": 49744.093848453835,
            "count": 45
        },
        "CrossWalkS8_1_CarDrive.IsTraining.mean": {
            "value": 1.0,
            "min": 1.0,
            "max": 1.0,
            "count": 45
        },
        "CrossWalkS8_1_CarDrive.Losses.ValueLoss.mean": {
            "value": 981148.125,
            "min": 674470.125,
            "max": 1832524.875,
            "count": 43
        },
        "CrossWalkS8_1_CarDrive.Losses.PolicyLoss.mean": {
            "value": 0.02169644460082054,
            "min": 0.017414992675185204,
            "max": 0.03233981877565384,
            "count": 43
        },
        "CrossWalkS8_1_CarDrive.Policy.LearningRate.mean": {
            "value": 0.0002557836123742163,
            "min": 0.0002557836123742163,
            "max": 0.000298970757285133,
            "count": 43
        }
    },
    "metadata": {
        "timer_format_version": "0.1.0",
        "start_time_seconds": "1593876914",
        "python_version": "3.7.8 (tags/v3.7.8:4b47a5b6ba, Jun 28 2020, 10:03:53) [MSC v.1916 64 bit (AMD64)]",
        "command_line_arguments": "C:\\Users\\carmi\\AppData\\Local\\Packages\\PythonSoftwareFoundation.Python.3.7_qbz5n2kfra8p0\\LocalCache\\local-packages\\Python37\\Scripts\\mlagents-learn thrmln_config.yaml --run-id=CrossWalkS8_1 --initialize-from CrossWalkS7_17 --force",
        "mlagents_version": "0.16.1",
        "mlagents_envs_version": "0.16.1",
        "communication_protocol_version": "1.0.0",
        "tensorflow_version": "2.2.0",
        "end_time_seconds": "1593877471"
    },
    "total": 556.1247363000001,
    "count": 1,
    "self": 0.0006370000000970322,
    "children": {
        "run_training.setup": {
            "total": 0.036707899999999904,
            "count": 1,
            "self": 0.036707899999999904
        },
        "TrainerController.start_learning": {
            "total": 556.0873914,
            "count": 1,
            "self": 28.4235495000014,
            "children": {
                "TrainerController._reset_env": {
                    "total": 3.6192424,
                    "count": 1,
                    "self": 3.6192424
                },
                "TrainerController.advance": {
                    "total": 523.5976777999986,
                    "count": 50287,
                    "self": 0.809418300000857,
                    "children": {
                        "env_step": {
                            "total": 522.7882594999977,
                            "count": 50287,
                            "self": 475.3114552999986,
                            "children": {
                                "SubprocessEnvManager._take_step": {
                                    "total": 46.570883399997456,
                                    "count": 50287,
                                    "self": 2.044435499994826,
                                    "children": {
                                        "NNPolicy.evaluate": {
                                            "total": 44.52644790000263,
                                            "count": 50287,
                                            "self": 44.52644790000263
                                        }
                                    }
                                },
                                "workers": {
                                    "total": 0.9059208000016552,
                                    "count": 50286,
                                    "self": 0.0,
                                    "children": {
                                        "worker_root": {
                                            "total": 549.4031506999917,
                                            "count": 50286,
                                            "is_parallel": true,
                                            "self": 175.27095189998602,
                                            "children": {
                                                "steps_from_proto": {
                                                    "total": 0.0011179999999999524,
                                                    "count": 1,
                                                    "is_parallel": true,
                                                    "self": 0.0001448000000006111,
                                                    "children": {
                                                        "_process_vector_observation": {
                                                            "total": 0.0009731999999993413,
                                                            "count": 6,
                                                            "is_parallel": true,
                                                            "self": 0.0009731999999993413
                                                        }
                                                    }
                                                },
                                                "UnityEnvironment.step": {
                                                    "total": 374.13108080000563,
                                                    "count": 50286,
                                                    "is_parallel": true,
                                                    "self": 12.503396600018675,
                                                    "children": {
                                                        "UnityEnvironment._generate_step_input": {
                                                            "total": 8.743165899994006,
                                                            "count": 50286,
                                                            "is_parallel": true,
                                                            "self": 8.743165899994006
                                                        },
                                                        "communicator.exchange": {
                                                            "total": 302.87066779999634,
                                                            "count": 50286,
                                                            "is_parallel": true,
                                                            "self": 302.87066779999634
                                                        },
                                                        "steps_from_proto": {
                                                            "total": 50.01385049999665,
                                                            "count": 50286,
                                                            "is_parallel": true,
                                                            "self": 6.1604045999974915,