Steps,Policy/Entropy,Policy/Extrinsic Value Estimate,Environment/Episode Length,Environment/Cumulative Reward,Policy/Extrinsic Reward,Is Training
10000,1.4189384,-11.876074,122.3529411764706,-12.173529884394478,-12.173529884394478,1.0
20000,1.4186252,-10.687849,164.78,-14.692000498771668,-14.692000498771668,1.0
30000,1.4156816,-10.761445,172.58,-14.632000533342362,-14.632000533342362,1.0
