{
    "name": "root",
    "gauges": {
        "CrossWalkS7_1_CarDrive.Policy.Entropy.mean": {
            "value": 0.9202960729598999,
            "min": 0.9202960729598999,
            "max": 0.9275102019309998,
            "count": 24
        },
        "CrossWalkS7_1_CarDrive.Policy.ExtrinsicValueEstimate.mean": {
            "value": 759.1572265625,
            "min": 556.22900390625,
            "max": 778.789306640625,
            "count": 24
        },
        "CrossWalkS7_1_CarDrive.IsTraining.mean": {
            "value": 1.0,
            "min": 1.0,
            "max": 1.0,
            "count": 24
        },
        "CrossWalkS7_1_CarDrive.Environment.EpisodeLength.mean": {
            "value": 214.02272727272728,
            "min": 158.52830188679246,
            "max": 292.4634146341463,
            "count": 23
        },
        "CrossWalkS7_1_CarDrive.Environment.CumulativeReward.mean": {
            "value": 1129.5489334106446,
            "min": -543.5855261369185,
            "max": 39283.830749988556,
            "count": 23
        },
        "CrossWalkS7_1_CarDrive.Policy.ExtrinsicReward.mean": {
            "value": 1129.5489334106446,
            "min": -543.5855261369185,
            "max": 39283.830749988556,
            "count": 23
        },
        "CrossWalkS7_1_CarDrive.Losses.ValueLoss.mean": {
            "value": 101355.1328125,
            "min": 101355.1328125,
            "max": 16171708.0,
            "count": 22
        },
        "CrossWalkS7_1_CarDrive.Losses.PolicyLoss.mean": {
            "value": 0.03171573206782341,
            "min": 0.017888296395540237,
            "max": 0.031753189861774445,
            "count": 22
        },
        "CrossWalkS7_1_CarDrive.Policy.LearningRate.mean": {
            "value": 0.0002484805299900472,
            "min": 0.0002484805299900472,
            "max": 0.00027005639276467264,
            "count": 22
        }
    },
    "metadata": {
        "timer_format_version": "0.1.0",
        "start_time_seconds": "1593585254",
        "python_version": "3.7.7 (tags/v3.7.7:d7c567b08f, Mar 10 2020, 11:52:54) [MSC v.1900 64 bit (AMD64)]",
        "command_line_arguments": "C:\\Users\\carmi\\AppData\\Local\\Packages\\PythonSoftwareFoundation.Python.3.7_qbz5n2kfra8p0\\LocalCache\\local-packages\\Python37\\Scripts\\mlagents-learn thrmln_config.yaml --run-id=CrossWalkS7_1 --resume",
        "mlagents_version": "0.16.1",
        "mlagents_envs_version": "0.16.1",
        "communication_protocol_version": "1.0.0",
        "tensorflow_version": "2.2.0",
        "end_time_seconds": "1593585629"
    },
    "total": 375.42902630000003,
    "count": 1,
    "self": 0.0007170000000087384,
    "children": {
        "run_training.setup": {
            "total": 0.045044400000000095,
            "count": 1,
            "self": 0.045044400000000095
        },
        "TrainerController.start_learning": {
            "total": 375.38326490000003,
            "count": 1,
            "self": 17.91704869999836,
            "children": {
                "TrainerController._reset_env": {
                    "total": 4.270884000000001,
                    "count": 1,
                    "self": 4.270884000000001
                },
                "TrainerController.advance": {
                    "total": 352.9364779000016,
                    "count": 26767,
                    "self": 0.4556882000029532,
                    "children": {
                        "env_step": {
                            "total": 352.48078969999864,
                            "count": 26767,
                            "self": 323.1380476999953,
                            "children": {
                                "SubprocessEnvManager._take_step": {
                                    "total": 28.859380900002726,
                                    "count": 26767,
                                    "self": 1.283063699999154,
                                    "children": {
                                        "NNPolicy.evaluate": {
                                            "total": 27.576317200003572,
                                            "count": 26767,
                                            "self": 27.576317200003572
                                        }
                                    }
                                },
                                "workers": {
                                    "total": 0.4833611000005966,
                                    "count": 26766,
                                    "self": 0.0,
                                    "children": {
                                        "worker_root": {
                                            "total": 369.510565899998,
                                            "count": 26766,
                                            "is_parallel": true,
                                            "self": 109.93395289999921,
                                            "children": {
                                                "steps_from_proto": {
                                                    "total": 0.0019190999999993963,
                                                    "count": 1,
                                                    "is_parallel": true,
                                                    "self": 0.00020709999999812823,
                                                    "children": {
                                                        "_process_vector_observation": {
                                                            "total": 0.001712000000001268,
                                                            "count": 6,
                                                            "is_parallel": true,
                                                            "self": 0.001712000000001268
                                                        }
                                                    }
                                                },
                                                "UnityEnvironment.step": {
                                                    "total": 259.5746938999988,
                                                    "count": 26766,
                                                    "is_parallel": true,
                                                    "self": 9.824660499999027,
                                                    "children": {
                                                        "UnityEnvironment._generate_step_input": {
                                                            "total": 5.91975070000045,
                                                            "count": 26766,
                                                            "is_parallel": true,
                                                            "self": 5.91975070000045
                                                        },
                                                        "communicator.exchange": {
                                                            "total": 200.70831709999757,
                                                            "count": 26766,
                                                            "is_parallel": true,
                                                            "self": 200.70831709999757
                                                        },
                                                        "steps_from_proto": {
                                                            "total": 43.12196560000176,
                                                            "count": 26766,
                                                            "is_parallel": true,
                                                            "self": 5.126346300001529,