{
    "name": "root",
    "gauges": {
        "CrossWalkS6_3_CarDrive.Policy.Entropy.mean": {
            "value": 1.2468167543411255,
            "min": 1.2468167543411255,
            "max": 1.3276489973068237,
            "count": 50
        },
        "CrossWalkS6_3_CarDrive.Policy.ExtrinsicValueEstimate.mean": {
            "value": 6.921566009521484,
            "min": -26.939294815063477,
            "max": 40.67238235473633,
            "count": 50
        },
        "CrossWalkS6_3_CarDrive.Environment.EpisodeLength.mean": {
            "value": 229.8409090909091,
            "min": 218.2391304347826,
            "max": 1628.5714285714287,
            "count": 50
        },
        "CrossWalkS6_3_CarDrive.Environment.CumulativeReward.mean": {
            "value": 162.4227217760953,
            "min": -5137.499803543091,
            "max": 162.4227217760953,
            "count": 50
        },
        "CrossWalkS6_3_CarDrive.Policy.ExtrinsicReward.mean": {
            "value": 162.4227217760953,
            "min": -5137.499803543091,
            "max": 162.4227217760953,
            "count": 50
        },
        "CrossWalkS6_3_CarDrive.IsTraining.mean": {
            "value": 1.0,
            "min": 1.0,
            "max": 1.0,
            "count": 50
        },
        "CrossWalkS6_3_CarDrive.Losses.ValueLoss.mean": {
            "value": 226.06430053710938,
            "min": 93.23065948486328,
            "max": 3319.191650390625,
            "count": 48
        },
        "CrossWalkS6_3_CarDrive.Losses.PolicyLoss.mean": {
            "value": 0.02169998548924923,
            "min": 0.01630372181534767,
            "max": 0.034014344215393066,
            "count": 48
        },
        "CrossWalkS6_3_CarDrive.Policy.LearningRate.mean": {
            "value": 3.973897946707439e-06,
            "min": 3.973897946707439e-06,
            "max": 0.00029380983323790133,
            "count": 48
        }
    },
    "metadata": {
        "timer_format_version": "0.1.0",
        "start_time_seconds": "1593070192",
        "python_version": "3.7.7 (tags/v3.7.7:d7c567b08f, Mar 10 2020, 11:52:54) [MSC v.1900 64 bit (AMD64)]",
        "command_line_arguments": "C:\\Users\\carmi\\AppData\\Local\\Packages\\PythonSoftwareFoundation.Python.3.7_qbz5n2kfra8p0\\LocalCache\\local-packages\\Python37\\Scripts\\mlagents-learn trainer_config.yaml --run-id=CrossWalkS6_3 --initialize-from=CrossWalkS6_2",
        "mlagents_version": "0.16.1",
        "mlagents_envs_version": "0.16.1",
        "communication_protocol_version": "1.0.0",
        "tensorflow_version": "2.2.0",
        "end_time_seconds": "1593071181"
    },
    "total": 989.7368407,
    "count": 1,
    "self": 0.25103890000002593,
    "children": {
        "run_training.setup": {
            "total": 0.07070920000000003,
            "count": 1,
            "self": 0.07070920000000003
        },
        "TrainerController.start_learning": {
            "total": 989.4150926,
            "count": 1,
            "self": 52.39766549999774,
            "children": {
                "TrainerController._reset_env": {
                    "total": 7.1442125,
                    "count": 1,
                    "self": 7.1442125
                },
                "TrainerController.advance": {
                    "total": 929.2189949000021,
                    "count": 55583,
                    "self": 1.1984356000143634,
                    "children": {
                        "env_step": {
                            "total": 928.0205592999878,
                            "count": 55583,
                            "self": 847.3328671999914,
                            "children": {
                                "SubprocessEnvManager._take_step": {
                                    "total": 79.39936430000449,
                                    "count": 55583,
                                    "self": 3.6384444999987977,
                                    "children": {
                                        "NNPolicy.evaluate": {
                                            "total": 75.7609198000057,
                                            "count": 55583,
                                            "self": 75.7609198000057
                                        }
                                    }
                                },
                                "workers": {
                                    "total": 1.2883277999918938,
                                    "count": 55583,
                                    "self": 0.0,
                                    "children": {
                                        "worker_root": {
                                            "total": 978.7541114000048,
                                            "count": 55583,
                                            "is_parallel": true,
                                            "self": 310.235991800006,
                                            "children": {
                                                "steps_from_proto": {
                                                    "total": 0.005531799999999976,
                                                    "count": 1,
                                                    "is_parallel": true,
                                                    "self": 0.0003303999999992868,
                                                    "children": {
                                                        "_process_vector_observation": {
                                                            "total": 0.005201400000000689,
                                                            "count": 6,
                                                            "is_parallel": true,
                                                            "self": 0.005201400000000689
                                                        }
                                                    }
                                                },
                                                "UnityEnvironment.step": {
                                                    "total": 668.5125877999989,
                                                    "count": 55583,
                                                    "is_parallel": true,
                                                    "self": 25.73071419998564,
                                                    "children": {
                                                        "UnityEnvironment._generate_step_input": {
                                                            "total": 15.464938500003141,
                                                            "count": 55583,
                                                            "is_parallel": true,
                                                            "self": 15.464938500003141
                                                        },
                                                        "communicator.exchange": {
                                                            "total": 515.1074146000029,
                                                            "count": 55583,
                                                            "is_parallel": true,
                                                            "self": 515.1074146000029
                                                        },
                                                        "steps_from_proto": {
                                                            "total": 112.20952050000722,
                                                            "count": 55583,
                                                            "is_parallel": true,
                                                            "self": 14.014720899993648,