Steps,Policy/Entropy,Policy/Extrinsic Value Estimate,Environment/Episode Length,Environment/Cumulative Reward,Policy/Extrinsic Reward,Is Training
10000,0.83887935,300.2682,333.2,-4996.152397460937,-4996.152397460937,1.0
20000,0.83810484,284.47293,392.17241379310343,1674.9228281481512,1674.9228281481512,1.0
