{
    "name": "root",
    "gauges": {
        "CrossWalkS8_0_CarDrive.Policy.Entropy.mean": {
            "value": 0.8218048214912415,
            "min": 0.8181552886962891,
            "max": 0.8241844773292542,
            "count": 37
        },
        "CrossWalkS8_0_CarDrive.Policy.ExtrinsicValueEstimate.mean": {
            "value": 1718.535400390625,
            "min": 1158.1650390625,
            "max": 1798.8934326171875,
            "count": 37
        },
        "CrossWalkS8_0_CarDrive.Environment.EpisodeLength.mean": {
            "value": 2995.5,
            "min": 317.44,
            "max": 2995.5,
            "count": 37
        },
        "CrossWalkS8_0_CarDrive.Environment.CumulativeReward.mean": {
            "value": 331682.51724624634,
            "min": 30762.497653667742,
            "max": 331682.51724624634,
            "count": 37
        },
        "CrossWalkS8_0_CarDrive.Policy.ExtrinsicReward.mean": {
            "value": 331682.51724624634,
            "min": 30762.497653667742,
            "max": 331682.51724624634,
            "count": 37
        },
        "CrossWalkS8_0_CarDrive.IsTraining.mean": {
            "value": 1.0,
            "min": 1.0,
            "max": 1.0,
            "count": 37
        },
        "CrossWalkS8_0_CarDrive.Losses.ValueLoss.mean": {
            "value": 3204100.75,
            "min": 2009239.25,
            "max": 3319199.5,
            "count": 36
        },
        "CrossWalkS8_0_CarDrive.Losses.PolicyLoss.mean": {
            "value": 0.02455078810453415,
            "min": 0.0159402284771204,
            "max": 0.02699449472129345,
            "count": 36
        },
        "CrossWalkS8_0_CarDrive.Policy.LearningRate.mean": {
            "value": 0.0002630161470733583,
            "min": 0.0002630161470733583,
            "max": 0.0002989713102579117,
            "count": 36
        }
    },
    "metadata": {
        "timer_format_version": "0.1.0",
        "start_time_seconds": "1593875404",
        "python_version": "3.7.8 (tags/v3.7.8:4b47a5b6ba, Jun 28 2020, 10:03:53) [MSC v.1916 64 bit (AMD64)]",
        "command_line_arguments": "C:\\Users\\carmi\\AppData\\Local\\Packages\\PythonSoftwareFoundation.Python.3.7_qbz5n2kfra8p0\\LocalCache\\local-packages\\Python37\\Scripts\\mlagents-learn thrmln_config.yaml --run-id=CrossWalkS8_0 --initialize-from CrossWalkS7_17 --force",
        "mlagents_version": "0.16.1",
        "mlagents_envs_version": "0.16.1",
        "communication_protocol_version": "1.0.0",
        "tensorflow_version": "2.2.0",
        "end_time_seconds": "1593876687"
    },
    "total": 1283.0662367,
    "count": 1,
    "self": 0.0010010000000875152,
    "children": {
        "run_training.setup": {
            "total": 0.035230900000000176,
            "count": 1,
            "self": 0.035230900000000176
        },
        "TrainerController.start_learning": {
            "total": 1283.0300048,
            "count": 1,
            "self": 66.95724830001495,
            "children": {
                "TrainerController._reset_env": {
                    "total": 2.9455836999999994,
                    "count": 1,
                    "self": 2.9455836999999994
                },
                "TrainerController.advance": {
                    "total": 1212.084754799985,
                    "count": 189417,
                    "self": 2.814873499987243,
                    "children": {
                        "env_step": {
                            "total": 1209.2698812999977,
                            "count": 189417,
                            "self": 1063.3299435000258,
                            "children": {
                                "SubprocessEnvManager._take_step": {
                                    "total": 142.7771810999862,
                                    "count": 189417,
                                    "self": 6.2681849999930535,
                                    "children": {
                                        "NNPolicy.evaluate": {
                                            "total": 136.50899609999314,
                                            "count": 189417,
                                            "self": 136.50899609999314
                                        }
                                    }
                                },
                                "workers": {
                                    "total": 3.1627566999855814,
                                    "count": 189416,
                                    "self": 0.0,
                                    "children": {
                                        "worker_root": {
                                            "total": 1274.200542099959,
                                            "count": 189416,
                                            "is_parallel": true,
                                            "self": 431.5696563999587,
                                            "children": {
                                                "steps_from_proto": {
                                                    "total": 0.0004863999999997759,
                                                    "count": 1,
                                                    "is_parallel": true,
                                                    "self": 8.17999999997987e-05,
                                                    "children": {
                                                        "_process_vector_observation": {
                                                            "total": 0.0004045999999999772,
                                                            "count": 6,
                                                            "is_parallel": true,
                                                            "self": 0.0004045999999999772
                                                        }
                                                    }
                                                },
                                                "UnityEnvironment.step": {
                                                    "total": 842.6303993000002,
                                                    "count": 189416,
                                                    "is_parallel": true,
                                                    "self": 21.17766009996751,
                                                    "children": {
                                                        "UnityEnvironment._generate_step_input": {
                                                            "total": 15.167875900011186,
                                                            "count": 189416,
                                                            "is_parallel": true,
                                                            "self": 15.167875900011186
                                                        },
                                                        "communicator.exchange": {
                                                            "total": 734.1455472000058,
                                                            "count": 189416,
                                                            "is_parallel": true,
                                                            "self": 734.1455472000058
                                                        },
                                                        "steps_from_proto": {
                                                            "total": 72.13931610001583,
                                                            "count": 189416,
                                                            "is_parallel": true,
                                                            "self": 17.272755700080467,