{
    "name": "root",
    "gauges": {
        "CrossWalkS8_3_CarDrive.Policy.Entropy.mean": {
            "value": 0.7431298494338989,
            "min": 0.7428144812583923,
            "max": 0.7483677864074707,
            "count": 21
        },
        "CrossWalkS8_3_CarDrive.Policy.ExtrinsicValueEstimate.mean": {
            "value": 2130.176025390625,
            "min": 1944.147705078125,
            "max": 3020.00927734375,
            "count": 21
        },
        "CrossWalkS8_3_CarDrive.Environment.EpisodeLength.mean": {
            "value": 364.11538461538464,
            "min": 199.12,
            "max": 748.5,
            "count": 21
        },
        "CrossWalkS8_3_CarDrive.Environment.CumulativeReward.mean": {
            "value": 37050.93533436725,
            "min": 8944.334429321289,
            "max": 43407.698763166154,
            "count": 21
        },
        "CrossWalkS8_3_CarDrive.Policy.ExtrinsicReward.mean": {
            "value": 37050.93533436725,
            "min": 8944.334429321289,
            "max": 43407.698763166154,
            "count": 21
        },
        "CrossWalkS8_3_CarDrive.IsTraining.mean": {
            "value": 1.0,
            "min": 1.0,
            "max": 1.0,
            "count": 21
        },
        "CrossWalkS8_3_CarDrive.Losses.ValueLoss.mean": {
            "value": 1850567.375,
            "min": 365861.03125,
            "max": 1850567.375,
            "count": 19
        },
        "CrossWalkS8_3_CarDrive.Losses.PolicyLoss.mean": {
            "value": 0.022837288677692413,
            "min": 0.014675929211080074,
            "max": 0.03008669801056385,
            "count": 19
        },
        "CrossWalkS8_3_CarDrive.Policy.LearningRate.mean": {
            "value": 0.00010130738519364968,
            "min": 0.00010130738519364968,
            "max": 0.0001569018349982798,
            "count": 19
        }
    },
    "metadata": {
        "timer_format_version": "0.1.0",
        "start_time_seconds": "1594025620",
        "python_version": "3.7.8 (tags/v3.7.8:4b47a5b6ba, Jun 28 2020, 10:03:53) [MSC v.1916 64 bit (AMD64)]",
        "command_line_arguments": "C:\\Users\\carmi\\AppData\\Local\\Packages\\PythonSoftwareFoundation.Python.3.7_qbz5n2kfra8p0\\LocalCache\\local-packages\\Python37\\Scripts\\mlagents-learn onemln_config.yaml --run-id=CrossWalkS8_3 --resume",
        "mlagents_version": "0.16.1",
        "mlagents_envs_version": "0.16.1",
        "communication_protocol_version": "1.0.0",
        "tensorflow_version": "2.2.0",
        "end_time_seconds": "1594025956"
    },
    "total": 336.18439409999996,
    "count": 1,
    "self": 0.0007757999999853382,
    "children": {
        "run_training.setup": {
            "total": 0.04193479999999994,
            "count": 1,
            "self": 0.04193479999999994
        },
        "TrainerController.start_learning": {
            "total": 336.1416835,
            "count": 1,
            "self": 15.227868399997988,
            "children": {
                "TrainerController._reset_env": {
                    "total": 5.7541831,
                    "count": 1,
                    "self": 5.7541831
                },
                "TrainerController.advance": {
                    "total": 314.8650466000021,
                    "count": 23002,
                    "self": 0.42935920000087435,
                    "children": {
                        "env_step": {
                            "total": 314.4356874000012,
                            "count": 23002,
                            "self": 290.89261280000363,
                            "children": {
                                "SubprocessEnvManager._take_step": {
                                    "total": 23.066961100000654,
                                    "count": 23002,
                                    "self": 1.0710106000001574,
                                    "children": {
                                        "NNPolicy.evaluate": {
                                            "total": 21.995950500000497,
                                            "count": 23002,
                                            "self": 21.995950500000497
                                        }
                                    }
                                },
                                "workers": {
                                    "total": 0.47611349999690766,
                                    "count": 23001,
                                    "self": 0.0,
                                    "children": {
                                        "worker_root": {
                                            "total": 328.9903358999982,
                                            "count": 23001,
                                            "is_parallel": true,
                                            "self": 90.81652709999753,
                                            "children": {
                                                "steps_from_proto": {
                                                    "total": 0.0018162000000003786,
                                                    "count": 1,
                                                    "is_parallel": true,
                                                    "self": 0.0002924999999986966,
                                                    "children": {
                                                        "_process_vector_observation": {
                                                            "total": 0.001523700000001682,
                                                            "count": 6,
                                                            "is_parallel": true,
                                                            "self": 0.001523700000001682
                                                        }
                                                    }
                                                },
                                                "UnityEnvironment.step": {
                                                    "total": 238.17199260000064,
                                                    "count": 23001,
                                                    "is_parallel": true,
                                                    "self": 6.215841000007686,
                                                    "children": {
                                                        "UnityEnvironment._generate_step_input": {
                                                            "total": 4.534362199996563,
                                                            "count": 23001,
                                                            "is_parallel": true,
                                                            "self": 4.534362199996563
                                                        },
                                                        "communicator.exchange": {
                                                            "total": 200.13838629999853,
                                                            "count": 23001,
                                                            "is_parallel": true,
                                                            "self": 200.13838629999853
                                                        },
                                                        "steps_from_proto": {
                                                            "total": 27.283403099997848,
                                                            "count": 23001,
                                                            "is_parallel": true,
                                                            "self": 3.4417020999988353,