{
    "name": "root",
    "gauges": {
        "CrossWalkS5_9_CarDrive.Policy.Entropy.mean": {
            "value": 1.3224738836288452,
            "min": 1.321719765663147,
            "max": 1.3531550168991089,
            "count": 100
        },
        "CrossWalkS5_9_CarDrive.Policy.ExtrinsicValueEstimate.mean": {
            "value": -183.58193969726562,
            "min": -756.7236938476562,
            "max": -79.23553466796875,
            "count": 100
        },
        "CrossWalkS5_9_CarDrive.Environment.EpisodeLength.mean": {
            "value": 1287.625,
            "min": 426.82608695652175,
            "max": 1869.857142857143,
            "count": 100
        },
        "CrossWalkS5_9_CarDrive.Environment.CumulativeReward.mean": {
            "value": 513075.94175958633,
            "min": 101730.12107724613,
            "max": 936519.3472894941,
            "count": 100
        },
        "CrossWalkS5_9_CarDrive.Policy.ExtrinsicReward.mean": {
            "value": 513075.94175958633,
            "min": 101730.12107724613,
            "max": 936519.3472894941,
            "count": 100
        },
        "CrossWalkS5_9_CarDrive.IsTraining.mean": {
            "value": 1.0,
            "min": 1.0,
            "max": 1.0,
            "count": 100
        },
        "CrossWalkS5_9_CarDrive.Losses.ValueLoss.mean": {
            "value": 35875728.0,
            "min": 26306124.0,
            "max": 117590712.0,
            "count": 97
        },
        "CrossWalkS5_9_CarDrive.Losses.PolicyLoss.mean": {
            "value": 0.027886105701327324,
            "min": 0.016954690217971802,
            "max": 0.030947109684348106,
            "count": 97
        },
        "CrossWalkS5_9_CarDrive.Policy.LearningRate.mean": {
            "value": 1.0399029406471527e-06,
            "min": 1.0399029406471527e-06,
            "max": 0.00029692382668145,
            "count": 97
        }
    },
    "metadata": {
        "timer_format_version": "0.1.0",
        "start_time_seconds": "1592909439",
        "python_version": "3.7.7 (tags/v3.7.7:d7c567b08f, Mar 10 2020, 11:52:54) [MSC v.1900 64 bit (AMD64)]",
        "command_line_arguments": "C:\\Users\\carmi\\AppData\\Local\\Packages\\PythonSoftwareFoundation.Python.3.7_qbz5n2kfra8p0\\LocalCache\\local-packages\\Python37\\Scripts\\mlagents-learn trainer_config.yaml --run-id=CrossWalkS5_9 --initialize-from=CrossWalkS5_8 --force",
        "mlagents_version": "0.16.1",
        "mlagents_envs_version": "0.16.1",
        "communication_protocol_version": "1.0.0",
        "tensorflow_version": "2.2.0",
        "end_time_seconds": "1592914267"
    },
    "total": 4828.6732814,
    "count": 1,
    "self": 0.2733470999992278,
    "children": {
        "run_training.setup": {
            "total": 0.031209800000000065,
            "count": 1,
            "self": 0.031209800000000065
        },
        "TrainerController.start_learning": {
            "total": 4828.3687245,
            "count": 1,
            "self": 301.54844140013756,
            "children": {
                "TrainerController._reset_env": {
                    "total": 12.105450699999999,
                    "count": 1,
                    "self": 12.105450699999999
                },
                "TrainerController.advance": {
                    "total": 4510.419900999862,
                    "count": 1000059,
                    "self": 11.899947999944743,
                    "children": {
                        "env_step": {
                            "total": 4498.519952999917,
                            "count": 1000059,
                            "self": 3832.6401647996013,
                            "children": {
                                "SubprocessEnvManager._take_step": {
                                    "total": 652.8197937001245,
                                    "count": 1000059,
                                    "self": 28.30183040007512,
                                    "children": {
                                        "NNPolicy.evaluate": {
                                            "total": 624.5179633000494,
                                            "count": 1000059,
                                            "self": 624.5179633000494
                                        }
                                    }
                                },
                                "workers": {
                                    "total": 13.059994500191515,
                                    "count": 1000059,
                                    "self": 0.0,
                                    "children": {
                                        "worker_root": {
                                            "total": 4789.494376000206,
                                            "count": 1000059,
                                            "is_parallel": true,
                                            "self": 1893.92982939994,
                                            "children": {
                                                "steps_from_proto": {
                                                    "total": 0.00030260000000126297,
                                                    "count": 1,
                                                    "is_parallel": true,
                                                    "self": 7.950000000001012e-05,
                                                    "children": {
                                                        "_process_vector_observation": {
                                                            "total": 0.00022310000000125285,
                                                            "count": 4,
                                                            "is_parallel": true,
                                                            "self": 0.00022310000000125285
                                                        }
                                                    }
                                                },
                                                "UnityEnvironment.step": {
                                                    "total": 2895.564244000266,
                                                    "count": 1000059,
                                                    "is_parallel": true,
                                                    "self": 92.72068960045499,
                                                    "children": {
                                                        "UnityEnvironment._generate_step_input": {
                                                            "total": 57.9980829997437,
                                                            "count": 1000059,
                                                            "is_parallel": true,
                                                            "self": 57.9980829997437
                                                        },
                                                        "communicator.exchange": {
                                                            "total": 2480.747725000036,
                                                            "count": 1000059,
                                                            "is_parallel": true,
                                                            "self": 2480.747725000036
                                                        },
                                                        "steps_from_proto": {
                                                            "total": 264.09774640003167,
                                                            "count": 1000059,
                                                            "is_parallel": true,
                                                            "self": 77.1825787002625,