{
    "name": "root",
    "gauges": {
        "CrossWalkS7_7_CarDrive.Policy.Entropy.mean": {
            "value": 0.8387992978096008,
            "min": 0.8253909349441528,
            "max": 0.8387992978096008,
            "count": 50
        },
        "CrossWalkS7_7_CarDrive.Policy.ExtrinsicValueEstimate.mean": {
            "value": 389.09906005859375,
            "min": 107.94047546386719,
            "max": 397.1105651855469,
            "count": 50
        },
        "CrossWalkS7_7_CarDrive.Environment.EpisodeLength.mean": {
            "value": 851.1666666666666,
            "min": 376.96153846153845,
            "max": 3743.5,
            "count": 50
        },
        "CrossWalkS7_7_CarDrive.Environment.CumulativeReward.mean": {
            "value": 163162.24572849274,
            "min": -48427.66281941732,
            "max": 815239.1587493897,
            "count": 50
        },
        "CrossWalkS7_7_CarDrive.Policy.ExtrinsicReward.mean": {
            "value": 163162.24572849274,
            "min": -48427.66281941732,
            "max": 815239.1587493897,
            "count": 50
        },
        "CrossWalkS7_7_CarDrive.IsTraining.mean": {
            "value": 1.0,
            "min": 1.0,
            "max": 1.0,
            "count": 50
        },
        "CrossWalkS7_7_CarDrive.Losses.ValueLoss.mean": {
            "value": 57430908.0,
            "min": 40173712.0,
            "max": 87070376.0,
            "count": 48
        },
        "CrossWalkS7_7_CarDrive.Losses.PolicyLoss.mean": {
            "value": 0.023120470345020294,
            "min": 0.0174621120095253,
            "max": 0.028754757717251778,
            "count": 48
        },
        "CrossWalkS7_7_CarDrive.Policy.LearningRate.mean": {
            "value": 0.0001520646474091336,
            "min": 0.0001520646474091336,
            "max": 0.000296912738122046,
            "count": 48
        }
    },
    "metadata": {
        "timer_format_version": "0.1.0",
        "start_time_seconds": "1593598222",
        "python_version": "3.7.7 (tags/v3.7.7:d7c567b08f, Mar 10 2020, 11:52:54) [MSC v.1900 64 bit (AMD64)]",
        "command_line_arguments": "C:\\Users\\carmi\\AppData\\Local\\Packages\\PythonSoftwareFoundation.Python.3.7_qbz5n2kfra8p0\\LocalCache\\local-packages\\Python37\\Scripts\\mlagents-learn onemln_config.yaml --run-id=CrossWalkS7_7 --initialize-from CrossWalkS7_6 --force",
        "mlagents_version": "0.16.1",
        "mlagents_envs_version": "0.16.1",
        "communication_protocol_version": "1.0.0",
        "tensorflow_version": "2.2.0",
        "end_time_seconds": "1593600020"
    },
    "total": 1797.951906,
    "count": 1,
    "self": 0.0017037000000073022,
    "children": {
        "run_training.setup": {
            "total": 0.04000920000000008,
            "count": 1,
            "self": 0.04000920000000008
        },
        "TrainerController.start_learning": {
            "total": 1797.9101931,
            "count": 1,
            "self": 95.99094460000833,
            "children": {
                "TrainerController._reset_env": {
                    "total": 3.5021780000000002,
                    "count": 1,
                    "self": 3.5021780000000002
                },
                "TrainerController.advance": {
                    "total": 1696.858421299992,
                    "count": 250401,
                    "self": 3.7609078000004956,
                    "children": {
                        "env_step": {
                            "total": 1693.0975134999915,
                            "count": 250401,
                            "self": 1487.873997799987,
                            "children": {
                                "SubprocessEnvManager._take_step": {
                                    "total": 200.6528174999814,
                                    "count": 250401,
                                    "self": 8.824392599965051,
                                    "children": {
                                        "NNPolicy.evaluate": {
                                            "total": 191.82842490001636,
                                            "count": 250401,
                                            "self": 191.82842490001636
                                        }
                                    }
                                },
                                "workers": {
                                    "total": 4.570698200023231,
                                    "count": 250400,
                                    "self": 0.0,
                                    "children": {
                                        "worker_root": {
                                            "total": 1786.4447481000093,
                                            "count": 250400,
                                            "is_parallel": true,
                                            "self": 615.9074494999734,
                                            "children": {
                                                "steps_from_proto": {
                                                    "total": 0.0005607999999996949,
                                                    "count": 1,
                                                    "is_parallel": true,
                                                    "self": 0.00013359999999940086,
                                                    "children": {
                                                        "_process_vector_observation": {
                                                            "total": 0.000427200000000294,
                                                            "count": 6,
                                                            "is_parallel": true,
                                                            "self": 0.000427200000000294
                                                        }
                                                    }
                                                },
                                                "UnityEnvironment.step": {
                                                    "total": 1170.536737800036,
                                                    "count": 250400,
                                                    "is_parallel": true,
                                                    "self": 29.39971240000341,
                                                    "children": {
                                                        "UnityEnvironment._generate_step_input": {
                                                            "total": 21.731886100005582,
                                                            "count": 250400,
                                                            "is_parallel": true,
                                                            "self": 21.731886100005582
                                                        },
                                                        "communicator.exchange": {
                                                            "total": 1021.4476046000062,
                                                            "count": 250400,
                                                            "is_parallel": true,
                                                            "self": 1021.4476046000062
                                                        },
                                                        "steps_from_proto": {
                                                            "total": 97.95753470002072,
                                                            "count": 250400,
                                                            "is_parallel": true,
                                                            "self": 22.62168210010536,