{
    "name": "root",
    "gauges": {
        "CrossWalkS8_3_CarDrive.Policy.Entropy.mean": {
            "value": 1.3685400485992432,
            "min": 1.3682528734207153,
            "max": 1.3807469606399536,
            "count": 50
        },
        "CrossWalkS8_3_CarDrive.Policy.ExtrinsicValueEstimate.mean": {
            "value": 2507.877197265625,
            "min": 1300.562255859375,
            "max": 2533.86767578125,
            "count": 50
        },
        "CrossWalkS8_3_CarDrive.Environment.EpisodeLength.mean": {
            "value": 323.3636363636364,
            "min": 292.84615384615387,
            "max": 2341.6923076923076,
            "count": 50
        },
        "CrossWalkS8_3_CarDrive.Environment.CumulativeReward.mean": {
            "value": 29093.313096479935,
            "min": 26428.637762887138,
            "max": 258697.91191365168,
            "count": 50
        },
        "CrossWalkS8_3_CarDrive.Policy.ExtrinsicReward.mean": {
            "value": 29093.313096479935,
            "min": 26428.637762887138,
            "max": 258697.91191365168,
            "count": 50
        },
        "CrossWalkS8_3_CarDrive.IsTraining.mean": {
            "value": 1.0,
            "min": 1.0,
            "max": 1.0,
            "count": 50
        },
        "CrossWalkS8_3_CarDrive.Losses.ValueLoss.mean": {
            "value": 1096200.625,
            "min": 957839.25,
            "max": 1633600.625,
            "count": 48
        },
        "CrossWalkS8_3_CarDrive.Losses.PolicyLoss.mean": {
            "value": 0.02649226225912571,
            "min": 0.018170615658164024,
            "max": 0.030248243361711502,
            "count": 48
        },
        "CrossWalkS8_3_CarDrive.Policy.LearningRate.mean": {
            "value": 3.6283047393226298e-06,
            "min": 3.6283047393226298e-06,
            "max": 0.00029383026412688196,
            "count": 48
        }
    },
    "metadata": {
        "timer_format_version": "0.1.0",
        "start_time_seconds": "1593783969",
        "python_version": "3.7.8 (tags/v3.7.8:4b47a5b6ba, Jun 28 2020, 10:03:53) [MSC v.1916 64 bit (AMD64)]",
        "command_line_arguments": "C:\\Users\\carmi\\AppData\\Local\\Packages\\PythonSoftwareFoundation.Python.3.7_qbz5n2kfra8p0\\LocalCache\\local-packages\\Python37\\Scripts\\mlagents-learn trainer_config.yaml --run-id=CrossWalkS8_3 --initialize-from CrossWalkS8_2",
        "mlagents_version": "0.16.1",
        "mlagents_envs_version": "0.16.1",
        "communication_protocol_version": "1.0.0",
        "tensorflow_version": "2.2.0",
        "end_time_seconds": "1593784399"
    },
    "total": 429.3071349,
    "count": 1,
    "self": 0.17963450000002013,
    "children": {
        "run_training.setup": {
            "total": 0.03507290000000007,
            "count": 1,
            "self": 0.03507290000000007
        },
        "TrainerController.start_learning": {
            "total": 429.0924275,
            "count": 1,
            "self": 18.841994800002112,
            "children": {
                "TrainerController._reset_env": {
                    "total": 5.5588021,
                    "count": 1,
                    "self": 5.5588021
                },
                "TrainerController.advance": {
                    "total": 404.4398207999979,
                    "count": 27817,
                    "self": 0.3784206999989692,
                    "children": {
                        "env_step": {
                            "total": 404.06140009999893,
                            "count": 27817,
                            "self": 377.1649691,
                            "children": {
                                "SubprocessEnvManager._take_step": {
                                    "total": 26.46936150000024,
                                    "count": 27817,
                                    "self": 1.2159321000045296,
                                    "children": {
                                        "NNPolicy.evaluate": {
                                            "total": 25.25342939999571,
                                            "count": 27817,
                                            "self": 25.25342939999571
                                        }
                                    }
                                },
                                "workers": {
                                    "total": 0.427069499998705,
                                    "count": 27817,
                                    "self": 0.0,
                                    "children": {
                                        "worker_root": {
                                            "total": 422.259996499997,
                                            "count": 27817,
                                            "is_parallel": true,
                                            "self": 113.27223160000204,
                                            "children": {
                                                "steps_from_proto": {
                                                    "total": 0.0015466000000001756,
                                                    "count": 1,
                                                    "is_parallel": true,
                                                    "self": 0.00016379999999927009,
                                                    "children": {
                                                        "_process_vector_observation": {
                                                            "total": 0.0013828000000009055,
                                                            "count": 6,
                                                            "is_parallel": true,
                                                            "self": 0.0013828000000009055
                                                        }
                                                    }
                                                },
                                                "UnityEnvironment.step": {
                                                    "total": 308.98621829999496,
                                                    "count": 27817,
                                                    "is_parallel": true,
                                                    "self": 10.198613699987959,
                                                    "children": {
                                                        "UnityEnvironment._generate_step_input": {
                                                            "total": 6.159297399999123,
                                                            "count": 27817,
                                                            "is_parallel": true,
                                                            "self": 6.159297399999123
                                                        },
                                                        "communicator.exchange": {
                                                            "total": 247.53503120000246,
                                                            "count": 27817,
                                                            "is_parallel": true,
                                                            "self": 247.53503120000246
                                                        },
                                                        "steps_from_proto": {
                                                            "total": 45.0932760000054,
                                                            "count": 27817,
                                                            "is_parallel": true,
                                                            "self": 3.5855153000006297,