{
    "name": "root",
    "gauges": {
        "CrossWalkS6_8_CarDrive.Policy.Entropy.mean": {
            "value": 1.1667602062225342,
            "min": 1.1667602062225342,
            "max": 1.1727007627487183,
            "count": 8
        },
        "CrossWalkS6_8_CarDrive.Policy.ExtrinsicValueEstimate.mean": {
            "value": -21.134675979614258,
            "min": -48.24525833129883,
            "max": -7.53346061706543,
            "count": 8
        },
        "CrossWalkS6_8_CarDrive.Environment.EpisodeLength.mean": {
            "value": 169.29032258064515,
            "min": 157.39655172413794,
            "max": 186.21428571428572,
            "count": 8
        },
        "CrossWalkS6_8_CarDrive.Environment.CumulativeReward.mean": {
            "value": -3626.5038941906346,
            "min": -4677.6203327178955,
            "max": -3600.673871399926,
            "count": 8
        },
        "CrossWalkS6_8_CarDrive.Policy.ExtrinsicReward.mean": {
            "value": -3626.5038941906346,
            "min": -4677.6203327178955,
            "max": -3600.673871399926,
            "count": 8
        },
        "CrossWalkS6_8_CarDrive.IsTraining.mean": {
            "value": 1.0,
            "min": 1.0,
            "max": 1.0,
            "count": 8
        },
        "CrossWalkS6_8_CarDrive.Losses.ValueLoss.mean": {
            "value": 385298.8125,
            "min": 385298.8125,
            "max": 529170.4375,
            "count": 7
        },
        "CrossWalkS6_8_CarDrive.Losses.PolicyLoss.mean": {
            "value": 0.02139510028064251,
            "min": 0.017195366322994232,
            "max": 0.028463898226618767,
            "count": 7
        },
        "CrossWalkS6_8_CarDrive.Policy.LearningRate.mean": {
            "value": 0.00029280889430083334,
            "min": 0.00029280889430083334,
            "max": 0.0002989753265865147,
            "count": 7
        }
    },
    "metadata": {
        "timer_format_version": "0.1.0",
        "start_time_seconds": "1593100702",
        "python_version": "3.7.7 (tags/v3.7.7:d7c567b08f, Mar 10 2020, 11:52:54) [MSC v.1900 64 bit (AMD64)]",
        "command_line_arguments": "C:\\Users\\carmi\\AppData\\Local\\Packages\\PythonSoftwareFoundation.Python.3.7_qbz5n2kfra8p0\\LocalCache\\local-packages\\Python37\\Scripts\\mlagents-learn thrmln_config.yaml --run-id=CrossWalkS6_8 --initialize-from CrossWalkS6_7 --force",
        "mlagents_version": "0.16.1",
        "mlagents_envs_version": "0.16.1",
        "communication_protocol_version": "1.0.0",
        "tensorflow_version": "2.2.0",
        "end_time_seconds": "1593100869"
    },
    "total": 166.60601409999998,
    "count": 1,
    "self": 0.0014942999999618678,
    "children": {
        "run_training.setup": {
            "total": 0.06676580000000021,
            "count": 1,
            "self": 0.06676580000000021
        },
        "TrainerController.start_learning": {
            "total": 166.537754,
            "count": 1,
            "self": 11.003744099999693,
            "children": {
                "TrainerController._reset_env": {
                    "total": 8.341380000000001,
                    "count": 1,
                    "self": 8.341380000000001
                },
                "TrainerController.advance": {
                    "total": 146.89322590000032,
                    "count": 11654,
                    "self": 0.21757470000031276,
                    "children": {
                        "env_step": {
                            "total": 146.6756512,
                            "count": 11654,
                            "self": 132.27875169999862,
                            "children": {
                                "SubprocessEnvManager._take_step": {
                                    "total": 14.159299500001154,
                                    "count": 11654,
                                    "self": 0.642416800000948,
                                    "children": {
                                        "NNPolicy.evaluate": {
                                            "total": 13.516882700000206,
                                            "count": 11654,
                                            "self": 13.516882700000206
                                        }
                                    }
                                },
                                "workers": {
                                    "total": 0.23760000000023318,
                                    "count": 11653,
                                    "self": 0.0,
                                    "children": {
                                        "worker_root": {
                                            "total": 157.04931689999887,
                                            "count": 11653,
                                            "is_parallel": true,
                                            "self": 53.067860799998414,
                                            "children": {
                                                "steps_from_proto": {
                                                    "total": 0.002062999999999704,
                                                    "count": 1,
                                                    "is_parallel": true,
                                                    "self": 0.0003133000000001829,
                                                    "children": {
                                                        "_process_vector_observation": {
                                                            "total": 0.001749699999999521,
                                                            "count": 6,
                                                            "is_parallel": true,
                                                            "self": 0.001749699999999521
                                                        }
                                                    }
                                                },
                                                "UnityEnvironment.step": {
                                                    "total": 103.97939310000045,
                                                    "count": 11653,
                                                    "is_parallel": true,
                                                    "self": 4.0445171000002205,
                                                    "children": {
                                                        "UnityEnvironment._generate_step_input": {
                                                            "total": 2.262184100000278,
                                                            "count": 11653,
                                                            "is_parallel": true,
                                                            "self": 2.262184100000278
                                                        },
                                                        "communicator.exchange": {
                                                            "total": 82.4673788,
                                                            "count": 11653,
                                                            "is_parallel": true,
                                                            "self": 82.4673788
                                                        },
                                                        "steps_from_proto": {
                                                            "total": 15.205313099999936,
                                                            "count": 11653,
                                                            "is_parallel": true,
                                                            "self": 2.154302800000041,