{
    "name": "root",
    "gauges": {
        "CrossWalkS7_13_CarDrive.Policy.Entropy.mean": {
            "value": 0.8156168460845947,
            "min": 0.8156076073646545,
            "max": 0.8163946866989136,
            "count": 12
        },
        "CrossWalkS7_13_CarDrive.Policy.ExtrinsicValueEstimate.mean": {
            "value": 250.98670959472656,
            "min": 129.8252410888672,
            "max": 348.3052978515625,
            "count": 12
        },
        "CrossWalkS7_13_CarDrive.Environment.EpisodeLength.mean": {
            "value": 814.9333333333333,
            "min": 169.0,
            "max": 814.9333333333333,
            "count": 12
        },
        "CrossWalkS7_13_CarDrive.Environment.CumulativeReward.mean": {
            "value": 41288.13347409566,
            "min": 266.74135335286456,
            "max": 41288.13347409566,
            "count": 12
        },
        "CrossWalkS7_13_CarDrive.Policy.ExtrinsicReward.mean": {
            "value": 41288.13347409566,
            "min": 266.74135335286456,
            "max": 41288.13347409566,
            "count": 12
        },
        "CrossWalkS7_13_CarDrive.IsTraining.mean": {
            "value": 1.0,
            "min": 1.0,
            "max": 1.0,
            "count": 12
        },
        "CrossWalkS7_13_CarDrive.Losses.ValueLoss.mean": {
            "value": 1536421.875,
            "min": 644907.125,
            "max": 1536421.875,
            "count": 10
        },
        "CrossWalkS7_13_CarDrive.Losses.PolicyLoss.mean": {
            "value": 0.02447923645377159,
            "min": 0.01876136288046837,
            "max": 0.02659265138208866,
            "count": 10
        },
        "CrossWalkS7_13_CarDrive.Policy.LearningRate.mean": {
            "value": 4.894307039648993e-06,
            "min": 4.894307039648993e-06,
            "max": 6.033188765286468e-05,
            "count": 10
        }
    },
    "metadata": {
        "timer_format_version": "0.1.0",
        "start_time_seconds": "1593698695",
        "python_version": "3.7.8 (tags/v3.7.8:4b47a5b6ba, Jun 28 2020, 10:03:53) [MSC v.1916 64 bit (AMD64)]",
        "command_line_arguments": "C:\\Users\\carmi\\AppData\\Local\\Packages\\PythonSoftwareFoundation.Python.3.7_qbz5n2kfra8p0\\LocalCache\\local-packages\\Python37\\Scripts\\mlagents-learn trainer_config.yaml --run-id=CrossWalkS7_13 --resume",
        "mlagents_version": "0.16.1",
        "mlagents_envs_version": "0.16.1",
        "communication_protocol_version": "1.0.0",
        "tensorflow_version": "2.2.0",
        "end_time_seconds": "1593699041"
    },
    "total": 345.5961636,
    "count": 1,
    "self": 0.19542910000001257,
    "children": {
        "run_training.setup": {
            "total": 0.039679199999999915,
            "count": 1,
            "self": 0.039679199999999915
        },
        "TrainerController.start_learning": {
            "total": 345.3610553,
            "count": 1,
            "self": 19.791597299995942,
            "children": {
                "TrainerController._reset_env": {
                    "total": 4.5410874,
                    "count": 1,
                    "self": 4.5410874
                },
                "TrainerController.advance": {
                    "total": 320.49331120000403,
                    "count": 55434,
                    "self": 0.7215909000058218,
                    "children": {
                        "env_step": {
                            "total": 319.7717202999982,
                            "count": 55434,
                            "self": 278.9158595999981,
                            "children": {
                                "SubprocessEnvManager._take_step": {
                                    "total": 40.02310859999658,
                                    "count": 55434,
                                    "self": 1.7364111999924532,
                                    "children": {
                                        "NNPolicy.evaluate": {
                                            "total": 38.28669740000413,
                                            "count": 55434,
                                            "self": 38.28669740000413
                                        }
                                    }
                                },
                                "workers": {
                                    "total": 0.8327521000035096,
                                    "count": 55434,
                                    "self": 0.0,
                                    "children": {
                                        "worker_root": {
                                            "total": 338.8138842000014,
                                            "count": 55434,
                                            "is_parallel": true,
                                            "self": 120.1934960000035,
                                            "children": {
                                                "steps_from_proto": {
                                                    "total": 0.000724800000000414,
                                                    "count": 1,
                                                    "is_parallel": true,
                                                    "self": 0.00014550000000035368,
                                                    "children": {
                                                        "_process_vector_observation": {
                                                            "total": 0.0005793000000000603,
                                                            "count": 6,
                                                            "is_parallel": true,
                                                            "self": 0.0005793000000000603
                                                        }
                                                    }
                                                },
                                                "UnityEnvironment.step": {
                                                    "total": 218.61966339999788,
                                                    "count": 55434,
                                                    "is_parallel": true,
                                                    "self": 5.990445700003363,
                                                    "children": {
                                                        "UnityEnvironment._generate_step_input": {
                                                            "total": 3.993881999999381,
                                                            "count": 55434,
                                                            "is_parallel": true,
                                                            "self": 3.993881999999381
                                                        },
                                                        "communicator.exchange": {
                                                            "total": 187.40404119999883,
                                                            "count": 55434,
                                                            "is_parallel": true,
                                                            "self": 187.40404119999883
                                                        },
                                                        "steps_from_proto": {
                                                            "total": 21.23129449999631,
                                                            "count": 55434,
                                                            "is_parallel": true,
                                                            "self": 4.896618300005404,