{
    "name": "root",
    "gauges": {
        "CrossWalkTraining1_CarDrive.Policy.Entropy.mean": {
            "value": 1.3932985067367554,
            "min": 1.3932985067367554,
            "max": 1.4229682683944702,
            "count": 50
        },
        "CrossWalkTraining1_CarDrive.Policy.ExtrinsicValueEstimate.mean": {
            "value": -0.5228527784347534,
            "min": -1.110008716583252,
            "max": 4.090889930725098,
            "count": 50
        },
        "CrossWalkTraining1_CarDrive.Environment.EpisodeLength.mean": {
            "value": 183.6346153846154,
            "min": 179.87755102040816,
            "max": 1840.2,
            "count": 50
        },
        "CrossWalkTraining1_CarDrive.Environment.CumulativeReward.mean": {
            "value": -0.5903846270476396,
            "min": -89.62000172734261,
            "max": -0.5818181963129477,
            "count": 50
        },
        "CrossWalkTraining1_CarDrive.Policy.ExtrinsicReward.mean": {
            "value": -0.5903846270476396,
            "min": -89.62000172734261,
            "max": -0.5818181963129477,
            "count": 50
        },
        "CrossWalkTraining1_CarDrive.IsTraining.mean": {
            "value": 1.0,
            "min": 1.0,
            "max": 1.0,
            "count": 50
        },
        "CrossWalkTraining1_CarDrive.Losses.ValueLoss.mean": {
            "value": 0.06776641309261322,
            "min": 0.028993751853704453,
            "max": 3.428830862045288,
            "count": 48
        },
        "CrossWalkTraining1_CarDrive.Losses.PolicyLoss.mean": {
            "value": 0.028050445020198822,
            "min": 0.018553929403424263,
            "max": 0.03211106359958649,
            "count": 48
        },
        "CrossWalkTraining1_CarDrive.Policy.LearningRate.mean": {
            "value": 3.828702574537601e-06,
            "min": 3.828702574537601e-06,
            "max": 0.0002938416146207601,
            "count": 48
        }
    },
    "metadata": {
        "timer_format_version": "0.1.0",
        "start_time_seconds": "1592212092",
        "python_version": "3.7.7 (tags/v3.7.7:d7c567b08f, Mar 10 2020, 11:52:54) [MSC v.1900 64 bit (AMD64)]",
        "command_line_arguments": "C:\\Users\\carmi\\AppData\\Local\\Packages\\PythonSoftwareFoundation.Python.3.7_qbz5n2kfra8p0\\LocalCache\\local-packages\\Python37\\Scripts\\mlagents-learn trainer_config.yaml --run-id=CrossWalkTraining1 --force",
        "mlagents_version": "0.16.1",
        "mlagents_envs_version": "0.16.1",
        "communication_protocol_version": "1.0.0",
        "tensorflow_version": "2.2.0",
        "end_time_seconds": "1592213092"
    },
    "total": 999.721239,
    "count": 1,
    "self": 0.23317209999993338,
    "children": {
        "run_training.setup": {
            "total": 0.06314330000000012,
            "count": 1,
            "self": 0.06314330000000012
        },
        "TrainerController.start_learning": {
            "total": 999.4249236,
            "count": 1,
            "self": 41.30224530000987,
            "children": {
                "TrainerController._reset_env": {
                    "total": 14.163146800000002,
                    "count": 1,
                    "self": 14.163146800000002
                },
                "TrainerController.advance": {
                    "total": 943.47800929999,
                    "count": 55598,
                    "self": 0.9154565999970146,
                    "children": {
                        "env_step": {
                            "total": 942.562552699993,
                            "count": 55598,
                            "self": 879.1975189999815,
                            "children": {
                                "SubprocessEnvManager._take_step": {
                                    "total": 62.36498960001777,
                                    "count": 55598,
                                    "self": 2.8193463000134926,
                                    "children": {
                                        "NNPolicy.evaluate": {
                                            "total": 59.54564330000428,
                                            "count": 55598,
                                            "self": 59.54564330000428
                                        }
                                    }
                                },
                                "workers": {
                                    "total": 1.0000440999937723,
                                    "count": 55598,
                                    "self": 0.0,
                                    "children": {
                                        "worker_root": {
                                            "total": 982.7213537000023,
                                            "count": 55598,
                                            "is_parallel": true,
                                            "self": 236.71863770000107,
                                            "children": {
                                                "steps_from_proto": {
                                                    "total": 0.001414999999999722,
                                                    "count": 1,
                                                    "is_parallel": true,
                                                    "self": 0.00024709999999927845,
                                                    "children": {
                                                        "_process_vector_observation": {
                                                            "total": 0.0011679000000004436,
                                                            "count": 4,
                                                            "is_parallel": true,
                                                            "self": 0.0011679000000004436
                                                        }
                                                    }
                                                },
                                                "UnityEnvironment.step": {
                                                    "total": 746.0013010000013,
                                                    "count": 55598,
                                                    "is_parallel": true,
                                                    "self": 13.938854399996899,
                                                    "children": {
                                                        "UnityEnvironment._generate_step_input": {
                                                            "total": 10.631376699996288,
                                                            "count": 55598,
                                                            "is_parallel": true,
                                                            "self": 10.631376699996288
                                                        },
                                                        "communicator.exchange": {
                                                            "total": 676.2794660000034,
                                                            "count": 55598,
                                                            "is_parallel": true,
                                                            "self": 676.2794660000034
                                                        },
                                                        "steps_from_proto": {
                                                            "total": 45.15160390000476,
                                                            "count": 55598,
                                                            "is_parallel": true,
                                                            "self": 8.027989899999511,