{
    "name": "root",
    "gauges": {
        "CrossWalkS8_2_CarDrive.Policy.Entropy.mean": {
            "value": 0.7704265117645264,
            "min": 0.7703532576560974,
            "max": 0.7950009703636169,
            "count": 100
        },
        "CrossWalkS8_2_CarDrive.Policy.ExtrinsicValueEstimate.mean": {
            "value": 2471.868896484375,
            "min": 1852.9110107421875,
            "max": 3041.203857421875,
            "count": 100
        },
        "CrossWalkS8_2_CarDrive.Environment.EpisodeLength.mean": {
            "value": 554.0952380952381,
            "min": 173.1590909090909,
            "max": 2318.2631578947367,
            "count": 100
        },
        "CrossWalkS8_2_CarDrive.Environment.CumulativeReward.mean": {
            "value": 52138.40204248418,
            "min": 8610.280341540549,
            "max": 58981.151157884524,
            "count": 100
        },
        "CrossWalkS8_2_CarDrive.Policy.ExtrinsicReward.mean": {
            "value": 52138.40204248418,
            "min": 8610.280341540549,
            "max": 58981.151157884524,
            "count": 100
        },
        "CrossWalkS8_2_CarDrive.IsTraining.mean": {
            "value": 1.0,
            "min": 1.0,
            "max": 1.0,
            "count": 100
        },
        "CrossWalkS8_2_CarDrive.Losses.ValueLoss.mean": {
            "value": 989147.75,
            "min": 525027.375,
            "max": 1416741.5,
            "count": 97
        },
        "CrossWalkS8_2_CarDrive.Losses.PolicyLoss.mean": {
            "value": 0.02429979108273983,
            "min": 0.015332866460084915,
            "max": 0.031732574105262756,
            "count": 97
        },
        "CrossWalkS8_2_CarDrive.Policy.LearningRate.mean": {
            "value": 9.037000268108386e-07,
            "min": 9.037000268108386e-07,
            "max": 0.00029692050884477794,
            "count": 97
        }
    },
    "metadata": {
        "timer_format_version": "0.1.0",
        "start_time_seconds": "1594022485",
        "python_version": "3.7.8 (tags/v3.7.8:4b47a5b6ba, Jun 28 2020, 10:03:53) [MSC v.1916 64 bit (AMD64)]",
        "command_line_arguments": "C:\\Users\\carmi\\AppData\\Local\\Packages\\PythonSoftwareFoundation.Python.3.7_qbz5n2kfra8p0\\LocalCache\\local-packages\\Python37\\Scripts\\mlagents-learn onemln_config.yaml --run-id=CrossWalkS8_2 --initialize-from CrossWalkS8_1 --force",
        "mlagents_version": "0.16.1",
        "mlagents_envs_version": "0.16.1",
        "communication_protocol_version": "1.0.0",
        "tensorflow_version": "2.2.0",
        "end_time_seconds": "1594023965"
    },
    "total": 1479.917661,
    "count": 1,
    "self": 0.2625676999998632,
    "children": {
        "run_training.setup": {
            "total": 0.037681000000000076,
            "count": 1,
            "self": 0.037681000000000076
        },
        "TrainerController.start_learning": {
            "total": 1479.6174123,
            "count": 1,
            "self": 69.08152250000012,
            "children": {
                "TrainerController._reset_env": {
                    "total": 8.373300299999999,
                    "count": 1,
                    "self": 8.373300299999999
                },
                "TrainerController.advance": {
                    "total": 1401.3436324999998,
                    "count": 111155,
                    "self": 1.994257600003948,
                    "children": {
                        "env_step": {
                            "total": 1399.3493748999958,
                            "count": 111155,
                            "self": 1287.7908455999982,
                            "children": {
                                "SubprocessEnvManager._take_step": {
                                    "total": 109.38371519999272,
                                    "count": 111155,
                                    "self": 5.217846700001601,
                                    "children": {
                                        "NNPolicy.evaluate": {
                                            "total": 104.16586849999112,
                                            "count": 111155,
                                            "self": 104.16586849999112
                                        }
                                    }
                                },
                                "workers": {
                                    "total": 2.174814100005017,
                                    "count": 111155,
                                    "self": 0.0,
                                    "children": {
                                        "worker_root": {
                                            "total": 1466.4041867999763,
                                            "count": 111155,
                                            "is_parallel": true,
                                            "self": 433.8824434999981,
                                            "children": {
                                                "steps_from_proto": {
                                                    "total": 0.0009119000000001876,
                                                    "count": 1,
                                                    "is_parallel": true,
                                                    "self": 0.00013509999999961053,
                                                    "children": {
                                                        "_process_vector_observation": {
                                                            "total": 0.000776800000000577,
                                                            "count": 6,
                                                            "is_parallel": true,
                                                            "self": 0.000776800000000577
                                                        }
                                                    }
                                                },
                                                "UnityEnvironment.step": {
                                                    "total": 1032.5208313999783,
                                                    "count": 111155,
                                                    "is_parallel": true,
                                                    "self": 31.365121599983127,
                                                    "children": {
                                                        "UnityEnvironment._generate_step_input": {
                                                            "total": 20.825434400013297,
                                                            "count": 111155,
                                                            "is_parallel": true,
                                                            "self": 20.825434400013297
                                                        },
                                                        "communicator.exchange": {
                                                            "total": 845.6175932000141,
                                                            "count": 111155,
                                                            "is_parallel": true,
                                                            "self": 845.6175932000141
                                                        },
                                                        "steps_from_proto": {
                                                            "total": 134.71268219996787,
                                                            "count": 111155,
                                                            "is_parallel": true,
                                                            "self": 16.635430900022442,