Steps,Policy/Entropy,Policy/Extrinsic Value Estimate,Environment/Episode Length,Environment/Cumulative Reward,Policy/Extrinsic Reward,Is Training
10000,1.1697897,-128.87892,812.8333333333334,11016.698522249857,11016.698522249857,1.0
20000,1.1690133,-122.0152,662.9285714285714,4336.605956690652,4336.605956690652,1.0
30000,1.1671201,-135.59001,867.5,11338.166797320047,11338.166797320047,1.0
