{
    "name": "root",
    "gauges": {
        "Parking-S1-1_CarDrive.Policy.Entropy.mean": {
            "value": 1.3743029832839966,
            "min": 1.3743029832839966,
            "max": 1.4189382791519165,
            "count": 50
        },
        "Parking-S1-1_CarDrive.Environment.EpisodeLength.mean": {
            "value": 16.89426523297491,
            "min": 14.402208201892744,
            "max": 24.055825242718445,
            "count": 50
        },
        "Parking-S1-1_CarDrive.Policy.ExtrinsicValueEstimate.mean": {
            "value": 0.5117067098617554,
            "min": -15.99614429473877,
            "max": 0.5395628809928894,
            "count": 50
        },
        "Parking-S1-1_CarDrive.Environment.CumulativeReward.mean": {
            "value": 1.70304114490161,
            "min": -1.995114006514658,
            "max": 1.7283393501805053,
            "count": 50
        },
        "Parking-S1-1_CarDrive.Policy.ExtrinsicReward.mean": {
            "value": 1.70304114490161,
            "min": -1.995114006514658,
            "max": 1.7283393501805053,
            "count": 50
        },
        "Parking-S1-1_CarDrive.IsTraining.mean": {
            "value": 1.0,
            "min": 1.0,
            "max": 1.0,
            "count": 50
        },
        "Parking-S1-1_CarDrive.Losses.ValueLoss.mean": {
            "value": 5.1528849601745605,
            "min": 0.7164239883422852,
            "max": 111.09956359863281,
            "count": 48
        },
        "Parking-S1-1_CarDrive.Losses.PolicyLoss.mean": {
            "value": 0.023825721815228462,
            "min": 0.01764269545674324,
            "max": 0.03817133978009224,
            "count": 48
        },
        "Parking-S1-1_CarDrive.Policy.LearningRate.mean": {
            "value": 4.668090241466416e-06,
            "min": 4.668090241466416e-06,
            "max": 0.0002938481920864433,
            "count": 48
        }
    },
    "metadata": {
        "timer_format_version": "0.1.0",
        "start_time_seconds": "1592315169",
        "python_version": "3.7.7 (tags/v3.7.7:d7c567b08f, Mar 10 2020, 10:41:24) [MSC v.1900 64 bit (AMD64)]",
        "command_line_arguments": "C:\\Users\\abate\\AppData\\Local\\Programs\\Python\\Python37\\Scripts\\mlagents-learn trainer_config.yaml --run-id=Parking-S1-1",
        "mlagents_version": "0.16.1",
        "mlagents_envs_version": "0.16.1",
        "communication_protocol_version": "1.0.0",
        "tensorflow_version": "2.2.0",
        "end_time_seconds": "1592316724"
    },
    "total": 1554.7961797,
    "count": 1,
    "self": 0.2107180000000426,
    "children": {
        "run_training.setup": {
            "total": 0.008056100000000121,
            "count": 1,
            "self": 0.008056100000000121
        },
        "TrainerController.start_learning": {
            "total": 1554.5774056,
            "count": 1,
            "self": 40.936466599998994,
            "children": {
                "TrainerController._reset_env": {
                    "total": 4.5462178,
                    "count": 1,
                    "self": 4.5462178
                },
                "TrainerController.advance": {
                    "total": 1508.425357500001,
                    "count": 82980,
                    "self": 1.1954651000216927,
                    "children": {
                        "env_step": {
                            "total": 1507.2298923999792,
                            "count": 82980,
                            "self": 1455.7447711999653,
                            "children": {
                                "SubprocessEnvManager._take_step": {
                                    "total": 50.26850830001262,
                                    "count": 82980,
                                    "self": 2.8831429000123023,
                                    "children": {
                                        "NNPolicy.evaluate": {
                                            "total": 47.38536540000032,
                                            "count": 62514,
                                            "self": 47.38536540000032
                                        }
                                    }
                                },
                                "workers": {
                                    "total": 1.2166129000012518,
                                    "count": 82980,
                                    "self": 0.0,
                                    "children": {
                                        "worker_root": {
                                            "total": 1546.5031094999947,
                                            "count": 82980,
                                            "is_parallel": true,
                                            "self": 237.75152789995195,
                                            "children": {
                                                "steps_from_proto": {
                                                    "total": 0.0006895000000000095,
                                                    "count": 1,
                                                    "is_parallel": true,
                                                    "self": 0.00010400000000121423,
                                                    "children": {
                                                        "_process_vector_observation": {
                                                            "total": 0.0005854999999987953,
                                                            "count": 4,
                                                            "is_parallel": true,
                                                            "self": 0.0005854999999987953
                                                        }
                                                    }
                                                },
                                                "UnityEnvironment.step": {
                                                    "total": 1308.7508921000428,
                                                    "count": 82980,
                                                    "is_parallel": true,
                                                    "self": 13.152864200009844,
                                                    "children": {
                                                        "UnityEnvironment._generate_step_input": {
                                                            "total": 9.590398900017505,
                                                            "count": 82980,
                                                            "is_parallel": true,
                                                            "self": 9.590398900017505
                                                        },
                                                        "communicator.exchange": {
                                                            "total": 1243.288821299993,
                                                            "count": 82980,
                                                            "is_parallel": true,
                                                            "self": 1243.288821299993
                                                        },
                                                        "steps_from_proto": {
                                                            "total": 42.71880770002227,
                                                            "count": 82980,
                                                            "is_parallel": true,
                                                            "self": 9.355208200022702,