{
    "name": "root",
    "gauges": {
        "Parking-S2-3_CarDrive.Policy.Entropy.mean": {
            "value": 1.1955077648162842,
            "min": 1.1955077648162842,
            "max": 1.2270628213882446,
            "count": 50
        },
        "Parking-S2-3_CarDrive.Environment.EpisodeLength.mean": {
            "value": 46.953271028037385,
            "min": 18.69877049180328,
            "max": 48.23144104803494,
            "count": 50
        },
        "Parking-S2-3_CarDrive.Policy.ExtrinsicValueEstimate.mean": {
            "value": 4.471996307373047,
            "min": 0.7890767455101013,
            "max": 4.485558032989502,
            "count": 50
        },
        "Parking-S2-3_CarDrive.Environment.CumulativeReward.mean": {
            "value": 7.2172897196261685,
            "min": 1.137214137214137,
            "max": 7.2172897196261685,
            "count": 50
        },
        "Parking-S2-3_CarDrive.Policy.ExtrinsicReward.mean": {
            "value": 7.2172897196261685,
            "min": 1.137214137214137,
            "max": 7.2172897196261685,
            "count": 50
        },
        "Parking-S2-3_CarDrive.IsTraining.mean": {
            "value": 1.0,
            "min": 1.0,
            "max": 1.0,
            "count": 50
        },
        "Parking-S2-3_CarDrive.Losses.ValueLoss.mean": {
            "value": 0.5592039227485657,
            "min": 0.3482368588447571,
            "max": 2.3325414657592773,
            "count": 48
        },
        "Parking-S2-3_CarDrive.Losses.PolicyLoss.mean": {
            "value": 0.016030553728342056,
            "min": 0.015616017393767834,
            "max": 0.03461047634482384,
            "count": 48
        },
        "Parking-S2-3_CarDrive.Policy.LearningRate.mean": {
            "value": 4.412492671690416e-06,
            "min": 4.412492671690416e-06,
            "max": 0.0002938410034403205,
            "count": 48
        }
    },
    "metadata": {
        "timer_format_version": "0.1.0",
        "start_time_seconds": "1592382247",
        "python_version": "3.7.7 (tags/v3.7.7:d7c567b08f, Mar 10 2020, 10:41:24) [MSC v.1900 64 bit (AMD64)]",
        "command_line_arguments": "C:\\Users\\abate\\AppData\\Local\\Programs\\Python\\Python37\\Scripts\\mlagents-learn trainer_config.yaml --run-id=Parking-S2-3 --initialize-from=Parking-S2-2 --force",
        "mlagents_version": "0.16.1",
        "mlagents_envs_version": "0.16.1",
        "communication_protocol_version": "1.0.0",
        "tensorflow_version": "2.2.0",
        "end_time_seconds": "1592383034"
    },
    "total": 787.2068134,
    "count": 1,
    "self": 0.2015635000000202,
    "children": {
        "run_training.setup": {
            "total": 0.006558899999999923,
            "count": 1,
            "self": 0.006558899999999923
        },
        "TrainerController.start_learning": {
            "total": 786.998691,
            "count": 1,
            "self": 27.409349699993413,
            "children": {
                "TrainerController._reset_env": {
                    "total": 10.0203139,
                    "count": 1,
                    "self": 10.0203139
                },
                "TrainerController.advance": {
                    "total": 748.8808395000066,
                    "count": 55142,
                    "self": 0.7265299999894523,
                    "children": {
                        "env_step": {
                            "total": 748.1543095000171,
                            "count": 55142,
                            "self": 714.6839144000036,
                            "children": {
                                "SubprocessEnvManager._take_step": {
                                    "total": 32.72850330000895,
                                    "count": 55142,
                                    "self": 1.7964430000189822,
                                    "children": {
                                        "NNPolicy.evaluate": {
                                            "total": 30.93206029998997,
                                            "count": 41700,
                                            "self": 30.93206029998997
                                        }
                                    }
                                },
                                "workers": {
                                    "total": 0.7418918000046038,
                                    "count": 55142,
                                    "self": 0.0,
                                    "children": {
                                        "worker_root": {
                                            "total": 774.6958131999932,
                                            "count": 55142,
                                            "is_parallel": true,
                                            "self": 159.2953109999895,
                                            "children": {
                                                "steps_from_proto": {
                                                    "total": 0.0009004000000008006,
                                                    "count": 1,
                                                    "is_parallel": true,
                                                    "self": 0.00016109999999969205,
                                                    "children": {
                                                        "_process_vector_observation": {
                                                            "total": 0.0007393000000011085,
                                                            "count": 4,
                                                            "is_parallel": true,
                                                            "self": 0.0007393000000011085
                                                        }
                                                    }
                                                },
                                                "UnityEnvironment.step": {
                                                    "total": 615.3996018000037,
                                                    "count": 55142,
                                                    "is_parallel": true,
                                                    "self": 9.035946599994531,
                                                    "children": {
                                                        "UnityEnvironment._generate_step_input": {
                                                            "total": 6.91656650001994,
                                                            "count": 55142,
                                                            "is_parallel": true,
                                                            "self": 6.91656650001994
                                                        },
                                                        "communicator.exchange": {
                                                            "total": 569.2483470000008,
                                                            "count": 55142,
                                                            "is_parallel": true,
                                                            "self": 569.2483470000008
                                                        },
                                                        "steps_from_proto": {
                                                            "total": 30.198741699988425,
                                                            "count": 55142,
                                                            "is_parallel": true,
                                                            "self": 5.522924000001304,