{
    "name": "root",
    "gauges": {
        "Parking-S2-2_CarDrive.Policy.Entropy.mean": {
            "value": 1.2270715236663818,
            "min": 1.2270715236663818,
            "max": 1.2626421451568604,
            "count": 50
        },
        "Parking-S2-2_CarDrive.Environment.EpisodeLength.mean": {
            "value": 20.053388090349078,
            "min": 13.714705882352941,
            "max": 20.337423312883434,
            "count": 50
        },
        "Parking-S2-2_CarDrive.Policy.ExtrinsicValueEstimate.mean": {
            "value": 0.9118196368217468,
            "min": -0.8970668315887451,
            "max": 0.9118196368217468,
            "count": 50
        },
        "Parking-S2-2_CarDrive.Environment.CumulativeReward.mean": {
            "value": 1.6868583162217659,
            "min": -0.9202898550724637,
            "max": 1.6868583162217659,
            "count": 50
        },
        "Parking-S2-2_CarDrive.Policy.ExtrinsicReward.mean": {
            "value": 1.6868583162217659,
            "min": -0.9202898550724637,
            "max": 1.6868583162217659,
            "count": 50
        },
        "Parking-S2-2_CarDrive.IsTraining.mean": {
            "value": 1.0,
            "min": 1.0,
            "max": 1.0,
            "count": 50
        },
        "Parking-S2-2_CarDrive.Losses.ValueLoss.mean": {
            "value": 1.550887942314148,
            "min": 1.2479852437973022,
            "max": 4.121860027313232,
            "count": 48
        },
        "Parking-S2-2_CarDrive.Losses.PolicyLoss.mean": {
            "value": 0.017265038564801216,
            "min": 0.017265038564801216,
            "max": 0.032665692269802094,
            "count": 48
        },
        "Parking-S2-2_CarDrive.Policy.LearningRate.mean": {
            "value": 4.5132910599932075e-06,
            "min": 4.5132910599932075e-06,
            "max": 0.00029385063680820167,
            "count": 48
        }
    },
    "metadata": {
        "timer_format_version": "0.1.0",
        "start_time_seconds": "1592381230",
        "python_version": "3.7.7 (tags/v3.7.7:d7c567b08f, Mar 10 2020, 10:41:24) [MSC v.1900 64 bit (AMD64)]",
        "command_line_arguments": "C:\\Users\\abate\\AppData\\Local\\Programs\\Python\\Python37\\Scripts\\mlagents-learn trainer_config.yaml --run-id=Parking-S2-2 --initialize-from=Parking-S2-1 --force",
        "mlagents_version": "0.16.1",
        "mlagents_envs_version": "0.16.1",
        "communication_protocol_version": "1.0.0",
        "tensorflow_version": "2.2.0",
        "end_time_seconds": "1592382051"
    },
    "total": 820.856764,
    "count": 1,
    "self": 0.20073550000006435,
    "children": {
        "run_training.setup": {
            "total": 0.007351700000000072,
            "count": 1,
            "self": 0.007351700000000072
        },
        "TrainerController.start_learning": {
            "total": 820.6486768,
            "count": 1,
            "self": 30.07652299999461,
            "children": {
                "TrainerController._reset_env": {
                    "total": 8.1788894,
                    "count": 1,
                    "self": 8.1788894
                },
                "TrainerController.advance": {
                    "total": 781.7385802000053,
                    "count": 62275,
                    "self": 0.8096401000036622,
                    "children": {
                        "env_step": {
                            "total": 780.9289401000017,
                            "count": 62275,
                            "self": 747.7852747999759,
                            "children": {
                                "SubprocessEnvManager._take_step": {
                                    "total": 32.29343710001573,
                                    "count": 62275,
                                    "self": 1.8531806000192752,
                                    "children": {
                                        "NNPolicy.evaluate": {
                                            "total": 30.440256499996455,
                                            "count": 41687,
                                            "self": 30.440256499996455
                                        }
                                    }
                                },
                                "workers": {
                                    "total": 0.850228200010072,
                                    "count": 62275,
                                    "self": 0.0,
                                    "children": {
                                        "worker_root": {
                                            "total": 809.9941247000071,
                                            "count": 62275,
                                            "is_parallel": true,
                                            "self": 171.45587370001545,
                                            "children": {
                                                "steps_from_proto": {
                                                    "total": 0.0008087999999997209,
                                                    "count": 1,
                                                    "is_parallel": true,
                                                    "self": 0.00013799999999974943,
                                                    "children": {
                                                        "_process_vector_observation": {
                                                            "total": 0.0006707999999999714,
                                                            "count": 4,
                                                            "is_parallel": true,
                                                            "self": 0.0006707999999999714
                                                        }
                                                    }
                                                },
                                                "UnityEnvironment.step": {
                                                    "total": 638.5374421999917,
                                                    "count": 62275,
                                                    "is_parallel": true,
                                                    "self": 9.951361300014128,
                                                    "children": {
                                                        "UnityEnvironment._generate_step_input": {
                                                            "total": 7.061838600003849,
                                                            "count": 62275,
                                                            "is_parallel": true,
                                                            "self": 7.061838600003849
                                                        },
                                                        "communicator.exchange": {
                                                            "total": 590.135482699976,
                                                            "count": 62275,
                                                            "is_parallel": true,
                                                            "self": 590.135482699976
                                                        },
                                                        "steps_from_proto": {
                                                            "total": 31.388759599997694,
                                                            "count": 62275,
                                                            "is_parallel": true,
                                                            "self": 6.026993299993382,