{
    "name": "root",
    "gauges": {
        "Parking-NS3-2_CarDrive.Policy.Entropy.mean": {
            "value": 0.722842276096344,
            "min": 0.7228261232376099,
            "max": 0.7780852913856506,
            "count": 300
        },
        "Parking-NS3-2_CarDrive.Environment.EpisodeLength.mean": {
            "value": 41.61904761904762,
            "min": 40.53781512605042,
            "max": 90.0377358490566,
            "count": 300
        },
        "Parking-NS3-2_CarDrive.Policy.ExtrinsicValueEstimate.mean": {
            "value": 411.781005859375,
            "min": 327.4780578613281,
            "max": 414.6322326660156,
            "count": 300
        },
        "Parking-NS3-2_CarDrive.Environment.CumulativeReward.mean": {
            "value": 499.46596845162327,
            "min": 198.01987115103623,
            "max": 499.58495571017266,
            "count": 300
        },
        "Parking-NS3-2_CarDrive.Policy.ExtrinsicReward.mean": {
            "value": 499.46596845162327,
            "min": 198.01987115103623,
            "max": 499.58495571017266,
            "count": 300
        },
        "Parking-NS3-2_CarDrive.IsTraining.mean": {
            "value": 1.0,
            "min": 1.0,
            "max": 1.0,
            "count": 300
        },
        "Parking-NS3-2_CarDrive.Losses.ValueLoss.mean": {
            "value": 97.34428405761719,
            "min": 97.34428405761719,
            "max": 14965.228515625,
            "count": 292
        },
        "Parking-NS3-2_CarDrive.Losses.PolicyLoss.mean": {
            "value": 0.02556856907904148,
            "min": 0.01486597303301096,
            "max": 0.035741277039051056,
            "count": 292
        },
        "Parking-NS3-2_CarDrive.Policy.LearningRate.mean": {
            "value": 1.251982268968277e-07,
            "min": 1.251982268968277e-07,
            "max": 0.00029897355125285685,
            "count": 292
        }
    },
    "metadata": {
        "timer_format_version": "0.1.0",
        "start_time_seconds": "1593598084",
        "python_version": "3.7.7 (tags/v3.7.7:d7c567b08f, Mar 10 2020, 10:41:24) [MSC v.1900 64 bit (AMD64)]",
        "command_line_arguments": "C:\\Users\\abate\\AppData\\Local\\Programs\\Python\\Python37\\Scripts\\mlagents-learn thrmln_config.yaml --run-id=Parking-NS3-2 --initialize-from=Parking-NS3-1",
        "mlagents_version": "0.16.1",
        "mlagents_envs_version": "0.16.1",
        "communication_protocol_version": "1.0.0",
        "tensorflow_version": "2.2.0",
        "end_time_seconds": "1593603789"
    },
    "total": 5704.0610852,
    "count": 1,
    "self": 0.4395044000002599,
    "children": {
        "run_training.setup": {
            "total": 0.011374599999999901,
            "count": 1,
            "self": 0.011374599999999901
        },
        "TrainerController.start_learning": {
            "total": 5703.6102062,
            "count": 1,
            "self": 102.29779439984941,
            "children": {
                "TrainerController._reset_env": {
                    "total": 35.958558100000005,
                    "count": 1,
                    "self": 35.958558100000005
                },
                "TrainerController.advance": {
                    "total": 5564.288479600149,
                    "count": 141342,
                    "self": 2.0659838001329263,
                    "children": {
                        "env_step": {
                            "total": 5562.222495800016,
                            "count": 141342,
                            "self": 5460.080238300076,
                            "children": {
                                "SubprocessEnvManager._take_step": {
                                    "total": 100.02975569996534,
                                    "count": 141342,
                                    "self": 5.786831700011092,
                                    "children": {
                                        "NNPolicy.evaluate": {
                                            "total": 94.24292399995424,
                                            "count": 93772,
                                            "self": 94.24292399995424
                                        }
                                    }
                                },
                                "workers": {
                                    "total": 2.1125017999739484,
                                    "count": 141342,
                                    "self": 0.0,
                                    "children": {
                                        "worker_root": {
                                            "total": 5662.019203700038,
                                            "count": 141342,
                                            "is_parallel": true,
                                            "self": 618.7968999000668,
                                            "children": {
                                                "steps_from_proto": {
                                                    "total": 0.001972100000003252,
                                                    "count": 1,
                                                    "is_parallel": true,
                                                    "self": 0.00023450000001190574,
                                                    "children": {
                                                        "_process_vector_observation": {
                                                            "total": 0.001737599999991346,
                                                            "count": 6,
                                                            "is_parallel": true,
                                                            "self": 0.001737599999991346
                                                        }
                                                    }
                                                },
                                                "UnityEnvironment.step": {
                                                    "total": 5043.220331699971,
                                                    "count": 141342,
                                                    "is_parallel": true,
                                                    "self": 50.80711069991685,
                                                    "children": {
                                                        "UnityEnvironment._generate_step_input": {
                                                            "total": 31.26502889998131,
                                                            "count": 141342,
                                                            "is_parallel": true,
                                                            "self": 31.26502889998131
                                                        },
                                                        "communicator.exchange": {
                                                            "total": 4744.04658230013,
                                                            "count": 141342,
                                                            "is_parallel": true,
                                                            "self": 4744.04658230013
                                                        },
                                                        "steps_from_proto": {
                                                            "total": 217.10160979994342,
                                                            "count": 141342,
                                                            "is_parallel": true,
                                                            "self": 19.91790089957769,