{
    "name": "root",
    "gauges": {
        "Parking-S2-8_CarDrive.Policy.Entropy.mean": {
            "value": 1.144370675086975,
            "min": 1.1381092071533203,
            "max": 1.1492313146591187,
            "count": 50
        },
        "Parking-S2-8_CarDrive.Environment.EpisodeLength.mean": {
            "value": 65.56024096385542,
            "min": 27.58128078817734,
            "max": 73.78494623655914,
            "count": 50
        },
        "Parking-S2-8_CarDrive.Policy.ExtrinsicValueEstimate.mean": {
            "value": 4.159748554229736,
            "min": 3.0080149173736572,
            "max": 4.2984747886657715,
            "count": 50
        },
        "Parking-S2-8_CarDrive.Environment.CumulativeReward.mean": {
            "value": 7.31437125748503,
            "min": 4.68801652892562,
            "max": 7.657407407407407,
            "count": 50
        },
        "Parking-S2-8_CarDrive.Policy.ExtrinsicReward.mean": {
            "value": 7.31437125748503,
            "min": 4.68801652892562,
            "max": 7.657407407407407,
            "count": 50
        },
        "Parking-S2-8_CarDrive.IsTraining.mean": {
            "value": 1.0,
            "min": 1.0,
            "max": 1.0,
            "count": 50
        },
        "Parking-S2-8_CarDrive.Losses.ValueLoss.mean": {
            "value": 0.5370887517929077,
            "min": 0.05538405105471611,
            "max": 1.061405062675476,
            "count": 48
        },
        "Parking-S2-8_CarDrive.Losses.PolicyLoss.mean": {
            "value": 0.029624897986650467,
            "min": 0.01820465922355652,
            "max": 0.02966575138270855,
            "count": 48
        },
        "Parking-S2-8_CarDrive.Policy.LearningRate.mean": {
            "value": 4.327305759943556e-06,
            "min": 4.327305759943556e-06,
            "max": 0.0002938361431006342,
            "count": 48
        }
    },
    "metadata": {
        "timer_format_version": "0.1.0",
        "start_time_seconds": "1592392312",
        "python_version": "3.7.7 (tags/v3.7.7:d7c567b08f, Mar 10 2020, 10:41:24) [MSC v.1900 64 bit (AMD64)]",
        "command_line_arguments": "C:\\Users\\abate\\AppData\\Local\\Programs\\Python\\Python37\\Scripts\\mlagents-learn trainer_config.yaml --run-id=Parking-S2-8 --initialize-from=Parking-S2-7",
        "mlagents_version": "0.16.1",
        "mlagents_envs_version": "0.16.1",
        "communication_protocol_version": "1.0.0",
        "tensorflow_version": "2.2.0",
        "end_time_seconds": "1592393063"
    },
    "total": 751.6671624,
    "count": 1,
    "self": 0.20126030000005812,
    "children": {
        "run_training.setup": {
            "total": 0.007481599999999755,
            "count": 1,
            "self": 0.007481599999999755
        },
        "TrainerController.start_learning": {
            "total": 751.4584205,
            "count": 1,
            "self": 25.37020559999678,
            "children": {
                "TrainerController._reset_env": {
                    "total": 8.5920089,
                    "count": 1,
                    "self": 8.5920089
                },
                "TrainerController.advance": {
                    "total": 717.1812552000032,
                    "count": 49677,
                    "self": 0.6471702999930358,
                    "children": {
                        "env_step": {
                            "total": 716.5340849000102,
                            "count": 49677,
                            "self": 683.2785884000223,
                            "children": {
                                "SubprocessEnvManager._take_step": {
                                    "total": 32.593691199998545,
                                    "count": 49677,
                                    "self": 1.7070026000007772,
                                    "children": {
                                        "NNPolicy.evaluate": {
                                            "total": 30.88668859999777,
                                            "count": 41695,
                                            "self": 30.88668859999777
                                        }
                                    }
                                },
                                "workers": {
                                    "total": 0.6618052999892878,
                                    "count": 49677,
                                    "self": 0.0,
                                    "children": {
                                        "worker_root": {
                                            "total": 740.8030650999976,
                                            "count": 49677,
                                            "is_parallel": true,
                                            "self": 147.7524741999929,
                                            "children": {
                                                "steps_from_proto": {
                                                    "total": 0.0009854000000011354,
                                                    "count": 1,
                                                    "is_parallel": true,
                                                    "self": 0.00016459999999973718,
                                                    "children": {
                                                        "_process_vector_observation": {
                                                            "total": 0.0008208000000013982,
                                                            "count": 4,
                                                            "is_parallel": true,
                                                            "self": 0.0008208000000013982
                                                        }
                                                    }
                                                },
                                                "UnityEnvironment.step": {
                                                    "total": 593.0496055000048,
                                                    "count": 49677,
                                                    "is_parallel": true,
                                                    "self": 8.423353700000348,
                                                    "children": {
                                                        "UnityEnvironment._generate_step_input": {
                                                            "total": 6.7504917000075295,
                                                            "count": 49677,
                                                            "is_parallel": true,
                                                            "self": 6.7504917000075295
                                                        },
                                                        "communicator.exchange": {
                                                            "total": 549.7917327000006,
                                                            "count": 49677,
                                                            "is_parallel": true,
                                                            "self": 549.7917327000006
                                                        },
                                                        "steps_from_proto": {
                                                            "total": 28.08402739999632,
                                                            "count": 49677,
                                                            "is_parallel": true,
                                                            "self": 4.925986599984242,