{
    "name": "root",
    "gauges": {
        "Parking-S2-7_CarDrive.Policy.Entropy.mean": {
            "value": 1.1381224393844604,
            "min": 1.1381224393844604,
            "max": 1.180846095085144,
            "count": 50
        },
        "Parking-S2-7_CarDrive.Environment.EpisodeLength.mean": {
            "value": 41.465811965811966,
            "min": 28.338582677165356,
            "max": 65.39108910891089,
            "count": 50
        },
        "Parking-S2-7_CarDrive.Policy.ExtrinsicValueEstimate.mean": {
            "value": 2.9911928176879883,
            "min": -60.120121002197266,
            "max": 2.9911928176879883,
            "count": 50
        },
        "Parking-S2-7_CarDrive.Environment.CumulativeReward.mean": {
            "value": 4.8111587982832615,
            "min": -1.2611940298507462,
            "max": 4.8111587982832615,
            "count": 50
        },
        "Parking-S2-7_CarDrive.Policy.ExtrinsicReward.mean": {
            "value": 4.8111587982832615,
            "min": -1.2611940298507462,
            "max": 4.8111587982832615,
            "count": 50
        },
        "Parking-S2-7_CarDrive.IsTraining.mean": {
            "value": 1.0,
            "min": 1.0,
            "max": 1.0,
            "count": 50
        },
        "Parking-S2-7_CarDrive.Losses.ValueLoss.mean": {
            "value": 0.5997794270515442,
            "min": 0.5798159241676331,
            "max": 1894.505615234375,
            "count": 48
        },
        "Parking-S2-7_CarDrive.Losses.PolicyLoss.mean": {
            "value": 0.02603512443602085,
            "min": 0.018901627510786057,
            "max": 0.34156984090805054,
            "count": 48
        },
        "Parking-S2-7_CarDrive.Policy.LearningRate.mean": {
            "value": 4.369899215816986e-06,
            "min": 4.369899215816986e-06,
            "max": 0.00029384405934251845,
            "count": 48
        }
    },
    "metadata": {
        "timer_format_version": "0.1.0",
        "start_time_seconds": "1592391073",
        "python_version": "3.7.7 (tags/v3.7.7:d7c567b08f, Mar 10 2020, 10:41:24) [MSC v.1900 64 bit (AMD64)]",
        "command_line_arguments": "C:\\Users\\abate\\AppData\\Local\\Programs\\Python\\Python37\\Scripts\\mlagents-learn trainer_config.yaml --run-id=Parking-S2-7 --initialize-from=Parking-S2-6",
        "mlagents_version": "0.16.1",
        "mlagents_envs_version": "0.16.1",
        "communication_protocol_version": "1.0.0",
        "tensorflow_version": "2.2.0",
        "end_time_seconds": "1592391953"
    },
    "total": 880.3482464,
    "count": 1,
    "self": 0.19930809999993926,
    "children": {
        "run_training.setup": {
            "total": 0.006160899999999803,
            "count": 1,
            "self": 0.006160899999999803
        },
        "TrainerController.start_learning": {
            "total": 880.1427774,
            "count": 1,
            "self": 25.422797700001638,
            "children": {
                "TrainerController._reset_env": {
                    "total": 10.5608577,
                    "count": 1,
                    "self": 10.5608577
                },
                "TrainerController.advance": {
                    "total": 843.4769833999983,
                    "count": 51895,
                    "self": 0.6797780999978613,
                    "children": {
                        "env_step": {
                            "total": 842.7972053000004,
                            "count": 51895,
                            "self": 809.9825949000001,
                            "children": {
                                "SubprocessEnvManager._take_step": {
                                    "total": 32.129104100000895,
                                    "count": 51895,
                                    "self": 1.7541201999982157,
                                    "children": {
                                        "NNPolicy.evaluate": {
                                            "total": 30.37498390000268,
                                            "count": 41697,
                                            "self": 30.37498390000268
                                        }
                                    }
                                },
                                "workers": {
                                    "total": 0.6855062999993926,
                                    "count": 51895,
                                    "self": 0.0,
                                    "children": {
                                        "worker_root": {
                                            "total": 867.4414368999982,
                                            "count": 51895,
                                            "is_parallel": true,
                                            "self": 148.00465460000203,
                                            "children": {
                                                "steps_from_proto": {
                                                    "total": 0.0008128999999996722,
                                                    "count": 1,
                                                    "is_parallel": true,
                                                    "self": 0.00015460000000366847,
                                                    "children": {
                                                        "_process_vector_observation": {
                                                            "total": 0.0006582999999960037,
                                                            "count": 4,
                                                            "is_parallel": true,
                                                            "self": 0.0006582999999960037
                                                        }
                                                    }
                                                },
                                                "UnityEnvironment.step": {
                                                    "total": 719.4359693999961,
                                                    "count": 51895,
                                                    "is_parallel": true,
                                                    "self": 8.318400200004817,
                                                    "children": {
                                                        "UnityEnvironment._generate_step_input": {
                                                            "total": 6.640091999988115,
                                                            "count": 51895,
                                                            "is_parallel": true,
                                                            "self": 6.640091999988115
                                                        },
                                                        "communicator.exchange": {
                                                            "total": 676.2442799000044,
                                                            "count": 51895,
                                                            "is_parallel": true,
                                                            "self": 676.2442799000044
                                                        },
                                                        "steps_from_proto": {
                                                            "total": 28.233197299998746,
                                                            "count": 51895,
                                                            "is_parallel": true,
                                                            "self": 5.086524199998603,