{
    "name": "root",
    "gauges": {
        "Parking-S4-1-alt_CarDrive.Policy.Entropy.mean": {
            "value": 1.4617525339126587,
            "min": 1.4189382791519165,
            "max": 1.4740911722183228,
            "count": 100
        },
        "Parking-S4-1-alt_CarDrive.Environment.EpisodeLength.mean": {
            "value": 375.7142857142857,
            "min": 22.206812652068127,
            "max": 2796.285714285714,
            "count": 100
        },
        "Parking-S4-1-alt_CarDrive.Policy.ExtrinsicValueEstimate.mean": {
            "value": -8.641683578491211,
            "min": -54.054931640625,
            "max": -8.641683578491211,
            "count": 100
        },
        "Parking-S4-1-alt_CarDrive.Environment.CumulativeReward.mean": {
            "value": 230.9712916782924,
            "min": -99.7911000537979,
            "max": 302.9496891465452,
            "count": 100
        },
        "Parking-S4-1-alt_CarDrive.Policy.ExtrinsicReward.mean": {
            "value": 230.9712916782924,
            "min": -99.7911000537979,
            "max": 302.9496891465452,
            "count": 100
        },
        "Parking-S4-1-alt_CarDrive.IsTraining.mean": {
            "value": 1.0,
            "min": 1.0,
            "max": 1.0,
            "count": 100
        },
        "Parking-S4-1-alt_CarDrive.Losses.ValueLoss.mean": {
            "value": 509.0999755859375,
            "min": 21.138500213623047,
            "max": 957.909912109375,
            "count": 97
        },
        "Parking-S4-1-alt_CarDrive.Losses.PolicyLoss.mean": {
            "value": 0.02277511917054653,
            "min": 0.015695517882704735,
            "max": 0.03613391891121864,
            "count": 97
        },
        "Parking-S4-1-alt_CarDrive.Policy.LearningRate.mean": {
            "value": 7.3060823524429e-07,
            "min": 7.3060823524429e-07,
            "max": 0.0002969246997963637,
            "count": 97
        }
    },
    "metadata": {
        "timer_format_version": "0.1.0",
        "start_time_seconds": "1592837841",
        "python_version": "3.7.7 (tags/v3.7.7:d7c567b08f, Mar 10 2020, 10:41:24) [MSC v.1900 64 bit (AMD64)]",
        "command_line_arguments": "C:\\Users\\abate\\AppData\\Local\\Programs\\Python\\Python37\\Scripts\\mlagents-learn onemln_config.yaml --run-id=Parking-S4-1-alt",
        "mlagents_version": "0.16.1",
        "mlagents_envs_version": "0.16.1",
        "communication_protocol_version": "1.0.0",
        "tensorflow_version": "2.2.0",
        "end_time_seconds": "1592839409"
    },
    "total": 1568.4280119,
    "count": 1,
    "self": 0.2189063000000715,
    "children": {
        "run_training.setup": {
            "total": 0.026032799999999856,
            "count": 1,
            "self": 0.026032799999999856
        },
        "TrainerController.start_learning": {
            "total": 1568.1830728,
            "count": 1,
            "self": 31.996746399996937,
            "children": {
                "TrainerController._reset_env": {
                    "total": 9.5429606,
                    "count": 1,
                    "self": 9.5429606
                },
                "TrainerController.advance": {
                    "total": 1526.347770400003,
                    "count": 35285,
                    "self": 0.5537916000196219,
                    "children": {
                        "env_step": {
                            "total": 1525.7939787999833,
                            "count": 35285,
                            "self": 1486.0796973000013,
                            "children": {
                                "SubprocessEnvManager._take_step": {
                                    "total": 39.18462509998956,
                                    "count": 35285,
                                    "self": 1.9585577999933363,
                                    "children": {
                                        "NNPolicy.evaluate": {
                                            "total": 37.226067299996224,
                                            "count": 31287,
                                            "self": 37.226067299996224
                                        }
                                    }
                                },
                                "workers": {
                                    "total": 0.5296563999923656,
                                    "count": 35285,
                                    "self": 0.0,
                                    "children": {
                                        "worker_root": {
                                            "total": 1556.763305399988,
                                            "count": 35285,
                                            "is_parallel": true,
                                            "self": 199.1934922000139,
                                            "children": {
                                                "steps_from_proto": {
                                                    "total": 0.002057399999999987,
                                                    "count": 1,
                                                    "is_parallel": true,
                                                    "self": 0.00021649999999695524,
                                                    "children": {
                                                        "_process_vector_observation": {
                                                            "total": 0.0018409000000030318,
                                                            "count": 4,
                                                            "is_parallel": true,
                                                            "self": 0.0018409000000030318
                                                        }
                                                    }
                                                },
                                                "UnityEnvironment.step": {
                                                    "total": 1357.567755799974,
                                                    "count": 35285,
                                                    "is_parallel": true,
                                                    "self": 15.097467499971117,
                                                    "children": {
                                                        "UnityEnvironment._generate_step_input": {
                                                            "total": 11.03012599999688,
                                                            "count": 35285,
                                                            "is_parallel": true,
                                                            "self": 11.03012599999688
                                                        },
                                                        "communicator.exchange": {
                                                            "total": 1266.031617600008,
                                                            "count": 35285,
                                                            "is_parallel": true,
                                                            "self": 1266.031617600008
                                                        },
                                                        "steps_from_proto": {
                                                            "total": 65.408544699998,
                                                            "count": 35285,
                                                            "is_parallel": true,
                                                            "self": 5.366611800018099,