{
    "name": "root",
    "gauges": {
        "Parking-S3-1_CarDrive.Policy.Entropy.mean": {
            "value": 1.475112795829773,
            "min": 1.418938398361206,
            "max": 1.5883210897445679,
            "count": 1000
        },
        "Parking-S3-1_CarDrive.Environment.EpisodeLength.mean": {
            "value": 694.0,
            "min": 33.64310954063604,
            "max": 221279.0,
            "count": 338
        },
        "Parking-S3-1_CarDrive.Policy.ExtrinsicValueEstimate.mean": {
            "value": -0.0030881536658853292,
            "min": -17.772253036499023,
            "max": 0.683583676815033,
            "count": 1000
        },
        "Parking-S3-1_CarDrive.Environment.CumulativeReward.mean": {
            "value": -100.0,
            "min": -100.0,
            "max": 114.68641662597656,
            "count": 340
        },
        "Parking-S3-1_CarDrive.Policy.ExtrinsicReward.mean": {
            "value": -100.0,
            "min": -100.0,
            "max": 114.68641662597656,
            "count": 340
        },
        "Parking-S3-1_CarDrive.IsTraining.mean": {
            "value": 1.0,
            "min": 1.0,
            "max": 1.0,
            "count": 1000
        },
        "Parking-S3-1_CarDrive.Losses.ValueLoss.mean": {
            "value": 0.0005503342254087329,
            "min": 0.0001413472491549328,
            "max": 631.23046875,
            "count": 969
        },
        "Parking-S3-1_CarDrive.Losses.PolicyLoss.mean": {
            "value": 0.028445614501833916,
            "min": 0.013102776370942593,
            "max": 0.0373302586376667,
            "count": 969
        },
        "Parking-S3-1_CarDrive.Policy.LearningRate.mean": {
            "value": 2.3332692933308863e-07,
            "min": 2.3332692933308863e-07,
            "max": 0.0002996918628923595,
            "count": 969
        }
    },
    "metadata": {
        "timer_format_version": "0.1.0",
        "start_time_seconds": "1592695137",
        "python_version": "3.7.7 (tags/v3.7.7:d7c567b08f, Mar 10 2020, 10:41:24) [MSC v.1900 64 bit (AMD64)]",
        "command_line_arguments": "C:\\Users\\abate\\AppData\\Local\\Programs\\Python\\Python37\\Scripts\\mlagents-learn tenmln_config.yaml --run-id=Parking-S3-1",
        "mlagents_version": "0.16.1",
        "mlagents_envs_version": "0.16.1",
        "communication_protocol_version": "1.0.0",
        "tensorflow_version": "2.2.0",
        "end_time_seconds": "1592704966"
    },
    "total": 9828.9679709,
    "count": 1,
    "self": 0.20765649999884772,
    "children": {
        "run_training.setup": {
            "total": 0.006821800000000433,
            "count": 1,
            "self": 0.006821800000000433
        },
        "TrainerController.start_learning": {
            "total": 9828.7534926,
            "count": 1,
            "self": 260.3570438996412,
            "children": {
                "TrainerController._reset_env": {
                    "total": 7.3531502,
                    "count": 1,
                    "self": 7.3531502
                },
                "TrainerController.advance": {
                    "total": 9559.046743200357,
                    "count": 323360,
                    "self": 4.632732600490272,
                    "children": {
                        "env_step": {
                            "total": 9554.414010599867,
                            "count": 323360,
                            "self": 9207.102266800106,
                            "children": {
                                "SubprocessEnvManager._take_step": {
                                    "total": 342.7536903998596,
                                    "count": 323360,
                                    "self": 17.15879409964549,
                                    "children": {
                                        "NNPolicy.evaluate": {
                                            "total": 325.5948963002141,
                                            "count": 312531,
                                            "self": 325.5948963002141
                                        }
                                    }
                                },
                                "workers": {
                                    "total": 4.558053399900508,
                                    "count": 323360,
                                    "self": 0.0,
                                    "children": {
                                        "worker_root": {
                                            "total": 9809.898306300223,
                                            "count": 323360,
                                            "is_parallel": true,
                                            "self": 1719.5675109002132,
                                            "children": {
                                                "steps_from_proto": {
                                                    "total": 0.0018945999999999685,
                                                    "count": 1,
                                                    "is_parallel": true,
                                                    "self": 0.0002614000000003003,
                                                    "children": {
                                                        "_process_vector_observation": {
                                                            "total": 0.0016331999999996683,
                                                            "count": 4,
                                                            "is_parallel": true,
                                                            "self": 0.0016331999999996683
                                                        }
                                                    }
                                                },
                                                "UnityEnvironment.step": {
                                                    "total": 8090.32890080001,
                                                    "count": 323360,
                                                    "is_parallel": true,
                                                    "self": 110.97091320024447,
                                                    "children": {
                                                        "UnityEnvironment._generate_step_input": {
                                                            "total": 96.62093080003947,
                                                            "count": 323360,
                                                            "is_parallel": true,
                                                            "self": 96.62093080003947
                                                        },
                                                        "communicator.exchange": {
                                                            "total": 7453.313096800111,
                                                            "count": 323360,
                                                            "is_parallel": true,
                                                            "self": 7453.313096800111
                                                        },
                                                        "steps_from_proto": {
                                                            "total": 429.42395999961445,
                                                            "count": 323360,
                                                            "is_parallel": true,
                                                            "self": 42.81152829954215,
                                                            "children": {
                                                                "_process_vector_observation": {
                                                                    "total": 386.6124317000723,