{
    "name": "root",
    "gauges": {
        "Parking-S2-4_CarDrive.Policy.Entropy.mean": {
            "value": 1.1847649812698364,
            "min": 1.1847128868103027,
            "max": 1.1954982280731201,
            "count": 50
        },
        "Parking-S2-4_CarDrive.Environment.EpisodeLength.mean": {
            "value": 35.64590163934426,
            "min": 23.441471571906355,
            "max": 39.69871794871795,
            "count": 50
        },
        "Parking-S2-4_CarDrive.Policy.ExtrinsicValueEstimate.mean": {
            "value": -1.4338784217834473,
            "min": -1.4751100540161133,
            "max": 5.550585746765137,
            "count": 50
        },
        "Parking-S2-4_CarDrive.Environment.CumulativeReward.mean": {
            "value": -1.9413680781758957,
            "min": -1.9806451612903226,
            "max": -1.8147058823529412,
            "count": 50
        },
        "Parking-S2-4_CarDrive.Policy.ExtrinsicReward.mean": {
            "value": -1.9413680781758957,
            "min": -1.9806451612903226,
            "max": -1.8147058823529412,
            "count": 50
        },
        "Parking-S2-4_CarDrive.IsTraining.mean": {
            "value": 1.0,
            "min": 1.0,
            "max": 1.0,
            "count": 50
        },
        "Parking-S2-4_CarDrive.Losses.ValueLoss.mean": {
            "value": 0.031269047409296036,
            "min": 0.017023153603076935,
            "max": 22.19504165649414,
            "count": 48
        },
        "Parking-S2-4_CarDrive.Losses.PolicyLoss.mean": {
            "value": 0.030521923676133156,
            "min": 0.017937999218702316,
            "max": 0.030634157359600067,
            "count": 48
        },
        "Parking-S2-4_CarDrive.Policy.LearningRate.mean": {
            "value": 4.251704922353383e-06,
            "min": 4.251704922353383e-06,
            "max": 0.00029385543894022703,
            "count": 48
        }
    },
    "metadata": {
        "timer_format_version": "0.1.0",
        "start_time_seconds": "1592386276",
        "python_version": "3.7.7 (tags/v3.7.7:d7c567b08f, Mar 10 2020, 10:41:24) [MSC v.1900 64 bit (AMD64)]",
        "command_line_arguments": "C:\\Users\\abate\\AppData\\Local\\Programs\\Python\\Python37\\Scripts\\mlagents-learn trainer_config.yaml --run-id=Parking-S2-4 --initialize-from=Parking-S2-3",
        "mlagents_version": "0.16.1",
        "mlagents_envs_version": "0.16.1",
        "communication_protocol_version": "1.0.0",
        "tensorflow_version": "2.2.0",
        "end_time_seconds": "1592387028"
    },
    "total": 752.0368696,
    "count": 1,
    "self": 0.19851820000008047,
    "children": {
        "run_training.setup": {
            "total": 0.007417799999999808,
            "count": 1,
            "self": 0.007417799999999808
        },
        "TrainerController.start_learning": {
            "total": 751.8309336,
            "count": 1,
            "self": 26.809735100000466,
            "children": {
                "TrainerController._reset_env": {
                    "total": 7.6330181999999995,
                    "count": 1,
                    "self": 7.6330181999999995
                },
                "TrainerController.advance": {
                    "total": 716.7162498999994,
                    "count": 53775,
                    "self": 0.6814357999890035,
                    "children": {
                        "env_step": {
                            "total": 716.0348141000104,
                            "count": 53775,
                            "self": 682.1411510000011,
                            "children": {
                                "SubprocessEnvManager._take_step": {
                                    "total": 33.184197100002294,
                                    "count": 53775,
                                    "self": 1.7061539999986373,
                                    "children": {
                                        "NNPolicy.evaluate": {
                                            "total": 31.478043100003656,
                                            "count": 41682,
                                            "self": 31.478043100003656
                                        }
                                    }
                                },
                                "workers": {
                                    "total": 0.7094660000070974,
                                    "count": 53775,
                                    "self": 0.0,
                                    "children": {
                                        "worker_root": {
                                            "total": 742.0438716999964,
                                            "count": 53775,
                                            "is_parallel": true,
                                            "self": 154.85054829999274,
                                            "children": {
                                                "steps_from_proto": {
                                                    "total": 0.0007880000000000109,
                                                    "count": 1,
                                                    "is_parallel": true,
                                                    "self": 0.0002165999999999002,
                                                    "children": {
                                                        "_process_vector_observation": {
                                                            "total": 0.0005714000000001107,
                                                            "count": 4,
                                                            "is_parallel": true,
                                                            "self": 0.0005714000000001107
                                                        }
                                                    }
                                                },
                                                "UnityEnvironment.step": {
                                                    "total": 587.1925354000037,
                                                    "count": 53775,
                                                    "is_parallel": true,
                                                    "self": 8.596432200007484,
                                                    "children": {
                                                        "UnityEnvironment._generate_step_input": {
                                                            "total": 6.676482300003581,
                                                            "count": 53775,
                                                            "is_parallel": true,
                                                            "self": 6.676482300003581
                                                        },
                                                        "communicator.exchange": {
                                                            "total": 542.8951290000008,
                                                            "count": 53775,
                                                            "is_parallel": true,
                                                            "self": 542.8951290000008
                                                        },
                                                        "steps_from_proto": {
                                                            "total": 29.0244918999919,
                                                            "count": 53775,
                                                            "is_parallel": true,
                                                            "self": 5.255172099998099,