{
    "name": "root",
    "gauges": {
        "Parking-NS3-5_CarDrive.Policy.Entropy.mean": {
            "value": 0.58770751953125,
            "min": 0.5871710181236267,
            "max": 0.6676493883132935,
            "count": 300
        },
        "Parking-NS3-5_CarDrive.Environment.EpisodeLength.mean": {
            "value": 40.77637130801688,
            "min": 33.833333333333336,
            "max": 1116.125,
            "count": 300
        },
        "Parking-NS3-5_CarDrive.Policy.ExtrinsicValueEstimate.mean": {
            "value": 407.76751708984375,
            "min": 228.73583984375,
            "max": 414.6321716308594,
            "count": 300
        },
        "Parking-NS3-5_CarDrive.Environment.CumulativeReward.mean": {
            "value": 494.10792804572543,
            "min": 380.6626789898708,
            "max": 506.6368261799216,
            "count": 300
        },
        "Parking-NS3-5_CarDrive.Policy.ExtrinsicReward.mean": {
            "value": 494.10792804572543,
            "min": 380.6626789898708,
            "max": 506.6368261799216,
            "count": 300
        },
        "Parking-NS3-5_CarDrive.IsTraining.mean": {
            "value": 1.0,
            "min": 1.0,
            "max": 1.0,
            "count": 300
        },
        "Parking-NS3-5_CarDrive.Losses.ValueLoss.mean": {
            "value": 700.552978515625,
            "min": 104.00385284423828,
            "max": 3648.9521484375,
            "count": 292
        },
        "Parking-NS3-5_CarDrive.Losses.PolicyLoss.mean": {
            "value": 0.030830195173621178,
            "min": 0.01607273332774639,
            "max": 0.03686027228832245,
            "count": 292
        },
        "Parking-NS3-5_CarDrive.Policy.LearningRate.mean": {
            "value": 1.2920365577429038e-07,
            "min": 1.2920365577429038e-07,
            "max": 0.0002989723870996386,
            "count": 292
        }
    },
    "metadata": {
        "timer_format_version": "0.1.0",
        "start_time_seconds": "1593676219",
        "python_version": "3.7.7 (tags/v3.7.7:d7c567b08f, Mar 10 2020, 10:41:24) [MSC v.1900 64 bit (AMD64)]",
        "command_line_arguments": "C:\\Users\\abate\\AppData\\Local\\Programs\\Python\\Python37\\Scripts\\mlagents-learn thrmln_config.yaml --run-id=Parking-NS3-5 --initialize-from=Parking-NS3-4",
        "mlagents_version": "0.16.1",
        "mlagents_envs_version": "0.16.1",
        "communication_protocol_version": "1.0.0",
        "tensorflow_version": "2.2.0",
        "end_time_seconds": "1593682740"
    },
    "total": 6520.9899959,
    "count": 1,
    "self": 0.6265569999995932,
    "children": {
        "run_training.setup": {
            "total": 0.019750600000000063,
            "count": 1,
            "self": 0.019750600000000063
        },
        "TrainerController.start_learning": {
            "total": 6520.3436883,
            "count": 1,
            "self": 127.5984497002255,
            "children": {
                "TrainerController._reset_env": {
                    "total": 17.7726938,
                    "count": 1,
                    "self": 17.7726938
                },
                "TrainerController.advance": {
                    "total": 6373.6069648997745,
                    "count": 161353,
                    "self": 2.7549601996333877,
                    "children": {
                        "env_step": {
                            "total": 6370.852004700141,
                            "count": 161353,
                            "self": 6220.24484400007,
                            "children": {
                                "SubprocessEnvManager._take_step": {
                                    "total": 147.9642461999587,
                                    "count": 161353,
                                    "self": 8.136296999936661,
                                    "children": {
                                        "NNPolicy.evaluate": {
                                            "total": 139.82794920002203,
                                            "count": 125026,
                                            "self": 139.82794920002203
                                        }
                                    }
                                },
                                "workers": {
                                    "total": 2.642914500112834,
                                    "count": 161353,
                                    "self": 0.0,
                                    "children": {
                                        "worker_root": {
                                            "total": 6494.727078699978,
                                            "count": 161353,
                                            "is_parallel": true,
                                            "self": 800.4679366999735,
                                            "children": {
                                                "steps_from_proto": {
                                                    "total": 0.0022914000000007206,
                                                    "count": 1,
                                                    "is_parallel": true,
                                                    "self": 0.00021770000000387313,
                                                    "children": {
                                                        "_process_vector_observation": {
                                                            "total": 0.0020736999999968475,
                                                            "count": 6,
                                                            "is_parallel": true,
                                                            "self": 0.0020736999999968475
                                                        }
                                                    }
                                                },
                                                "UnityEnvironment.step": {
                                                    "total": 5694.256850600004,
                                                    "count": 161353,
                                                    "is_parallel": true,
                                                    "self": 69.01500539980134,
                                                    "children": {
                                                        "UnityEnvironment._generate_step_input": {
                                                            "total": 40.802851600042715,
                                                            "count": 161353,
                                                            "is_parallel": true,
                                                            "self": 40.802851600042715
                                                        },
                                                        "communicator.exchange": {
                                                            "total": 5302.378793500007,
                                                            "count": 161353,
                                                            "is_parallel": true,
                                                            "self": 5302.378793500007
                                                        },
                                                        "steps_from_proto": {
                                                            "total": 282.06020010015254,
                                                            "count": 161353,
                                                            "is_parallel": true,
                                                            "self": 28.60858950026079,