{
    "name": "root",
    "gauges": {
        "prova1_CarDrive.Policy.Entropy.mean": {
            "value": 1.3867909908294678,
            "min": 1.3867254257202148,
            "max": 1.4189382791519165,
            "count": 50
        },
        "prova1_CarDrive.Policy.ExtrinsicValueEstimate.mean": {
            "value": -0.0345083549618721,
            "min": -1.1276695728302002,
            "max": 0.07354694604873657,
            "count": 50
        },
        "prova1_CarDrive.Environment.EpisodeLength.mean": {
            "value": 12683.0,
            "min": 265.9189189189189,
            "max": 63814.0,
            "count": 29
        },
        "prova1_CarDrive.Environment.CumulativeReward.mean": {
            "value": -0.5,
            "min": -1.0,
            "max": 1.0,
            "count": 29
        },
        "prova1_CarDrive.Policy.ExtrinsicReward.mean": {
            "value": -0.5,
            "min": -1.0,
            "max": 1.0,
            "count": 29
        },
        "prova1_CarDrive.IsTraining.mean": {
            "value": 1.0,
            "min": 1.0,
            "max": 1.0,
            "count": 50
        },
        "prova1_CarDrive.Losses.ValueLoss.mean": {
            "value": 0.0003014101821463555,
            "min": 0.00013795372797176242,
            "max": 0.04773261025547981,
            "count": 48
        },
        "prova1_CarDrive.Losses.PolicyLoss.mean": {
            "value": 0.02380688302218914,
            "min": 0.01734566129744053,
            "max": 0.03207812458276749,
            "count": 48
        },
        "prova1_CarDrive.Policy.LearningRate.mean": {
            "value": 3.7920988233963726e-06,
            "min": 3.7920988233963726e-06,
            "max": 0.00029384938534349203,
            "count": 48
        }
    },
    "metadata": {
        "timer_format_version": "0.1.0",
        "start_time_seconds": "1591972191",
        "python_version": "3.7.7 (tags/v3.7.7:d7c567b08f, Mar 10 2020, 11:52:54) [MSC v.1900 64 bit (AMD64)]",
        "command_line_arguments": "C:\\Users\\carmi\\AppData\\Local\\Packages\\PythonSoftwareFoundation.Python.3.7_qbz5n2kfra8p0\\LocalCache\\local-packages\\Python37\\Scripts\\mlagents-learn trainer_config.yaml --run-id=prova1",
        "mlagents_version": "0.16.1",
        "mlagents_envs_version": "0.16.1",
        "communication_protocol_version": "1.0.0",
        "tensorflow_version": "2.2.0",
        "end_time_seconds": "1591977031"
    },
    "total": 4839.352605200001,
    "count": 1,
    "self": 0.32429160000083357,
    "children": {
        "run_training.setup": {
            "total": 0.035613899999999976,
            "count": 1,
            "self": 0.035613899999999976
        },
        "TrainerController.start_learning": {
            "total": 4838.9926997,
            "count": 1,
            "self": 167.7453193999063,
            "children": {
                "TrainerController._reset_env": {
                    "total": 7.1544649,
                    "count": 1,
                    "self": 7.1544649
                },
                "TrainerController.advance": {
                    "total": 4662.076558000094,
                    "count": 500201,
                    "self": 6.593624300180636,
                    "children": {
                        "env_step": {
                            "total": 4655.482933699914,
                            "count": 500201,
                            "self": 4276.235362099754,
                            "children": {
                                "SubprocessEnvManager._take_step": {
                                    "total": 371.569065000164,
                                    "count": 500201,
                                    "self": 16.467848200182402,
                                    "children": {
                                        "NNPolicy.evaluate": {
                                            "total": 355.1012167999816,
                                            "count": 500017,
                                            "self": 355.1012167999816
                                        }
                                    }
                                },
                                "workers": {
                                    "total": 7.678506599996112,
                                    "count": 500201,
                                    "self": 0.0,
                                    "children": {
                                        "worker_root": {
                                            "total": 4816.093901300099,
                                            "count": 500201,
                                            "is_parallel": true,
                                            "self": 1094.3708500000844,
                                            "children": {
                                                "steps_from_proto": {
                                                    "total": 0.0011956999999993556,
                                                    "count": 1,
                                                    "is_parallel": true,
                                                    "self": 0.00013739999999806685,
                                                    "children": {
                                                        "_process_vector_observation": {
                                                            "total": 0.0010583000000012888,
                                                            "count": 4,
                                                            "is_parallel": true,
                                                            "self": 0.0010583000000012888
                                                        }
                                                    }
                                                },
                                                "UnityEnvironment.step": {
                                                    "total": 3721.7218556000144,
                                                    "count": 500201,
                                                    "is_parallel": true,
                                                    "self": 52.441955300359496,
                                                    "children": {
                                                        "UnityEnvironment._generate_step_input": {
                                                            "total": 36.25059089995585,
                                                            "count": 500201,
                                                            "is_parallel": true,
                                                            "self": 36.25059089995585
                                                        },
                                                        "communicator.exchange": {
                                                            "total": 3505.0260902999166,
                                                            "count": 500201,
                                                            "is_parallel": true,
                                                            "self": 3505.0260902999166
                                                        },
                                                        "steps_from_proto": {
                                                            "total": 128.0032190997822,
                                                            "count": 500201,
                                                            "is_parallel": true,
                                                            "self": 43.63805610020384,
                                                            "children": {
                                                                "_process_vector_observation": {
                                                                    "total": 84.36516299957836,