{
    "name": "root",
    "metadata": {
        "timer_format_version": "0.1.0",
        "start_time_seconds": "1592472571",
        "python_version": "3.7.7 (tags/v3.7.7:d7c567b08f, Mar 10 2020, 11:52:54) [MSC v.1900 64 bit (AMD64)]",
        "command_line_arguments": "C:\\Users\\carmi\\AppData\\Local\\Packages\\PythonSoftwareFoundation.Python.3.7_qbz5n2kfra8p0\\LocalCache\\local-packages\\Python37\\Scripts\\mlagents-learn trainer_config.yaml --run-id=prova --force",
        "mlagents_version": "0.16.1",
        "mlagents_envs_version": "0.16.1",
        "communication_protocol_version": "1.0.0",
        "tensorflow_version": "2.2.0",
        "end_time_seconds": "1592472579"
    },
    "total": 7.8421745,
    "count": 1,
    "self": 0.18998060000000017,
    "children": {
        "run_training.setup": {
            "total": 0.030893599999999966,
            "count": 1,
            "self": 0.030893599999999966
        },
        "TrainerController.start_learning": {
            "total": 7.6213003,
            "count": 1,
            "self": 1.3910335999999903,
            "children": {
                "TrainerController._reset_env": {
                    "total": 5.101958700000001,
                    "count": 1,
                    "self": 5.101958700000001
                },
                "TrainerController.advance": {
                    "total": 0.9488801000000082,
                    "count": 65,
                    "self": 0.0008370000000033073,
                    "children": {
                        "env_step": {
                            "total": 0.9480431000000049,
                            "count": 65,
                            "self": 0.8638206999999936,
                            "children": {
                                "SubprocessEnvManager._take_step": {
                                    "total": 0.08351279999999672,
                                    "count": 65,
                                    "self": 0.0018990999999992653,
                                    "children": {
                                        "NNPolicy.evaluate": {
                                            "total": 0.08161369999999746,
                                            "count": 65,
                                            "self": 0.08161369999999746
                                        }
                                    }
                                },
                                "workers": {
                                    "total": 0.0007096000000146319,
                                    "count": 65,
                                    "self": 0.0,
                                    "children": {
                                        "worker_root": {
                                            "total": 2.110817099999995,
                                            "count": 65,
                                            "is_parallel": true,
                                            "self": 1.309231499999993,
                                            "children": {
                                                "steps_from_proto": {
                                                    "total": 0.0013203999999999994,
                                                    "count": 1,
                                                    "is_parallel": true,
                                                    "self": 8.569999999963329e-05,
                                                    "children": {
                                                        "_process_vector_observation": {
                                                            "total": 0.001234700000000366,
                                                            "count": 4,
                                                            "is_parallel": true,
                                                            "self": 0.001234700000000366
                                                        }
                                                    }
                                                },
                                                "UnityEnvironment.step": {
                                                    "total": 0.8002652000000019,
                                                    "count": 65,
                                                    "is_parallel": true,
                                                    "self": 0.006087599999998083,
                                                    "children": {
                                                        "UnityEnvironment._generate_step_input": {
                                                            "total": 0.004045799999998323,
                                                            "count": 65,
                                                            "is_parallel": true,
                                                            "self": 0.004045799999998323
                                                        },
                                                        "communicator.exchange": {
                                                            "total": 0.7727390000000023,
                                                            "count": 65,
                                                            "is_parallel": true,
                                                            "self": 0.7727390000000023
                                                        },
                                                        "steps_from_proto": {
                                                            "total": 0.017392800000003206,
                                                            "count": 65,
                                                            "is_parallel": true,
                                                            "self": 0.005413999999995589,
                                                            "children": {
                                                                "_process_vector_observation": {
                                                                    "total": 0.011978800000007617,
                                                                    "count": 260,
                                                                    "is_parallel": true,
                                                                    "self": 0.011978800000007617
                                                                }
                                                            }
                                                        }
                                                    }
                                                }
                                            }
                                        }
                                    }
                                }
                            }
                        }
                    }
                },
                "trainer_threads": {
                    "total": 1.3900000000788282e-05,
                    "count": 1,
                    "self": 1.3900000000788282e-05,
                    "children": {
                        "thread_root": {
                            "total": 0.0,
                            "count": 0,
                            "is_parallel": true,
                            "self": 0.0,
                            "children": {
                                "trainer_advance": {
                                    "total": 1.058172599999991,
                                    "count": 64,
                                    "is_parallel": true,
                                    "self": 0.004904499999992318,
                                    "children": {
                                        "process_trajectory": {
                                            "total": 1.0532680999999986,
                                            "count": 64,