{
    "name": "root",
    "metadata": {
        "timer_format_version": "0.1.0",
        "start_time_seconds": "1594124440",
        "python_version": "3.7.8 (tags/v3.7.8:4b47a5b6ba, Jun 28 2020, 10:03:53) [MSC v.1916 64 bit (AMD64)]",
        "command_line_arguments": "C:\\Users\\carmi\\AppData\\Local\\Packages\\PythonSoftwareFoundation.Python.3.7_qbz5n2kfra8p0\\LocalCache\\local-packages\\Python37\\Scripts\\mlagents-learn thrmln_config.yaml --run-id=prova --initialize-from Walking-NS1-9 --force",
        "mlagents_version": "0.16.1",
        "mlagents_envs_version": "0.16.1",
        "communication_protocol_version": "1.0.0",
        "tensorflow_version": "2.2.0",
        "end_time_seconds": "1594124495"
    },
    "total": 54.6274241,
    "count": 1,
    "self": 0.0008306999999945219,
    "children": {
        "run_training.setup": {
            "total": 0.03433529999999996,
            "count": 1,
            "self": 0.03433529999999996
        },
        "TrainerController.start_learning": {
            "total": 54.5922581,
            "count": 1,
            "self": 3.1994293000000837,
            "children": {
                "TrainerController._reset_env": {
                    "total": 17.8788105,
                    "count": 1,
                    "self": 17.8788105
                },
                "TrainerController.advance": {
                    "total": 33.064876199999915,
                    "count": 4634,
                    "self": 0.07614720000012909,
                    "children": {
                        "env_step": {
                            "total": 32.988728999999786,
                            "count": 4634,
                            "self": 28.791365799999642,
                            "children": {
                                "SubprocessEnvManager._take_step": {
                                    "total": 4.117377900000122,
                                    "count": 4634,
                                    "self": 0.18969449999995547,
                                    "children": {
                                        "NNPolicy.evaluate": {
                                            "total": 3.9276834000001664,
                                            "count": 4634,
                                            "self": 3.9276834000001664
                                        }
                                    }
                                },
                                "workers": {
                                    "total": 0.07998530000002191,
                                    "count": 4633,
                                    "self": 0.0,
                                    "children": {
                                        "worker_root": {
                                            "total": 35.811908900000134,
                                            "count": 4633,
                                            "is_parallel": true,
                                            "self": 12.952744100000139,
                                            "children": {
                                                "steps_from_proto": {
                                                    "total": 0.0004744999999992672,
                                                    "count": 1,
                                                    "is_parallel": true,
                                                    "self": 0.00011020000000172558,
                                                    "children": {
                                                        "_process_vector_observation": {
                                                            "total": 0.0003642999999975416,
                                                            "count": 8,
                                                            "is_parallel": true,
                                                            "self": 0.0003642999999975416
                                                        }
                                                    }
                                                },
                                                "UnityEnvironment.step": {
                                                    "total": 22.858690299999996,
                                                    "count": 4633,
                                                    "is_parallel": true,
                                                    "self": 0.6485516000003031,
                                                    "children": {
                                                        "UnityEnvironment._generate_step_input": {
                                                            "total": 0.48284279999984747,
                                                            "count": 4633,
                                                            "is_parallel": true,
                                                            "self": 0.48284279999984747
                                                        },
                                                        "communicator.exchange": {
                                                            "total": 19.444076400000007,
                                                            "count": 4633,
                                                            "is_parallel": true,
                                                            "self": 19.444076400000007
                                                        },
                                                        "steps_from_proto": {
                                                            "total": 2.283219499999838,
                                                            "count": 4633,
                                                            "is_parallel": true,
                                                            "self": 0.5724923000002633,
                                                            "children": {
                                                                "_process_vector_observation": {
                                                                    "total": 1.7107271999995746,
                                                                    "count": 37064,
                                                                    "is_parallel": true,
                                                                    "self": 1.7107271999995746
                                                                }
                                                            }
                                                        }
                                                    }
                                                }
                                            }
                                        }
                                    }
                                }
                            }
                        }
                    }
                },
                "trainer_threads": {
                    "total": 5.699999999819738e-05,
                    "count": 1,
                    "self": 5.699999999819738e-05,
                    "children": {
                        "thread_root": {
                            "total": 0.0,
                            "count": 0,
                            "is_parallel": true,
                            "self": 0.0,
                            "children": {
                                "trainer_advance": {
                                    "total": 34.71098620000021,
                                    "count": 2381,
                                    "is_parallel": true,
                                    "self": 0.18906760000002976,
                                    "children": {
                                        "process_trajectory": {
                                            "total": 34.52191860000018,