{
    "name": "root",
    "metadata": {
        "timer_format_version": "0.1.0",
        "start_time_seconds": "1592205132",
        "python_version": "3.7.7 (tags/v3.7.7:d7c567b08f, Mar 10 2020, 11:52:54) [MSC v.1900 64 bit (AMD64)]",
        "command_line_arguments": "C:\\Users\\carmi\\AppData\\Local\\Packages\\PythonSoftwareFoundation.Python.3.7_qbz5n2kfra8p0\\LocalCache\\local-packages\\Python37\\Scripts\\mlagents-learn trainer_config.yaml --run-id=testcar --force",
        "mlagents_version": "0.16.1",
        "mlagents_envs_version": "0.16.1",
        "communication_protocol_version": "1.0.0",
        "tensorflow_version": "2.2.0",
        "end_time_seconds": "1592205152"
    },
    "total": 20.5300376,
    "count": 1,
    "self": 0.0018243000000026655,
    "children": {
        "run_training.setup": {
            "total": 0.04536749999999934,
            "count": 1,
            "self": 0.04536749999999934
        },
        "TrainerController.start_learning": {
            "total": 20.4828458,
            "count": 1,
            "self": 2.2952201999999957,
            "children": {
                "TrainerController._reset_env": {
                    "total": 7.6756658,
                    "count": 1,
                    "self": 7.6756658
                },
                "TrainerController.advance": {
                    "total": 10.068717200000004,
                    "count": 701,
                    "self": 0.01625100000002,
                    "children": {
                        "env_step": {
                            "total": 10.052466199999984,
                            "count": 701,
                            "self": 8.838060899999961,
                            "children": {
                                "SubprocessEnvManager._take_step": {
                                    "total": 1.1969516000000109,
                                    "count": 701,
                                    "self": 0.045674999999974375,
                                    "children": {
                                        "NNPolicy.evaluate": {
                                            "total": 1.1512766000000365,
                                            "count": 701,
                                            "self": 1.1512766000000365
                                        }
                                    }
                                },
                                "workers": {
                                    "total": 0.01745370000001145,
                                    "count": 700,
                                    "self": 0.0,
                                    "children": {
                                        "worker_root": {
                                            "total": 11.98068110000003,
                                            "count": 700,
                                            "is_parallel": true,
                                            "self": 4.7763352000000046,
                                            "children": {
                                                "steps_from_proto": {
                                                    "total": 0.030573799999999984,
                                                    "count": 1,
                                                    "is_parallel": true,
                                                    "self": 0.00023590000000073275,
                                                    "children": {
                                                        "_process_vector_observation": {
                                                            "total": 0.03033789999999925,
                                                            "count": 4,
                                                            "is_parallel": true,
                                                            "self": 0.03033789999999925
                                                        }
                                                    }
                                                },
                                                "UnityEnvironment.step": {
                                                    "total": 7.173772100000026,
                                                    "count": 700,
                                                    "is_parallel": true,
                                                    "self": 0.1775398999999549,
                                                    "children": {
                                                        "UnityEnvironment._generate_step_input": {
                                                            "total": 0.14352240000001082,
                                                            "count": 700,
                                                            "is_parallel": true,
                                                            "self": 0.14352240000001082
                                                        },
                                                        "communicator.exchange": {
                                                            "total": 6.304641600000009,
                                                            "count": 700,
                                                            "is_parallel": true,
                                                            "self": 6.304641600000009
                                                        },
                                                        "steps_from_proto": {
                                                            "total": 0.548068200000051,
                                                            "count": 700,
                                                            "is_parallel": true,
                                                            "self": 0.15530320000009645,
                                                            "children": {
                                                                "_process_vector_observation": {
                                                                    "total": 0.3927649999999545,
                                                                    "count": 2800,
                                                                    "is_parallel": true,
                                                                    "self": 0.3927649999999545
                                                                }
                                                            }
                                                        }
                                                    }
                                                }
                                            }
                                        }
                                    }
                                }
                            }
                        }
                    }
                },
                "trainer_threads": {
                    "total": 4.649999999983834e-05,
                    "count": 1,
                    "self": 4.649999999983834e-05,
                    "children": {
                        "thread_root": {
                            "total": 0.0,
                            "count": 0,
                            "is_parallel": true,
                            "self": 0.0,
                            "children": {
                                "trainer_advance": {
                                    "total": 10.486437999999978,
                                    "count": 675,
                                    "is_parallel": true,
                                    "self": 0.05675729999995305,
                                    "children": {
                                        "process_trajectory": {
                                            "total": 10.429680700000025,
                                            "count": 675,