{
    "name": "root",
    "gauges": {
        "Parking-S2-1_CarDrive.Policy.Entropy.mean": {
            "value": 1.2626487016677856,
            "min": 1.2626487016677856,
            "max": 1.2912085056304932,
            "count": 50
        },
        "Parking-S2-1_CarDrive.Environment.EpisodeLength.mean": {
            "value": 14.159638554216867,
            "min": 9.532700421940929,
            "max": 14.164404223227752,
            "count": 50
        },
        "Parking-S2-1_CarDrive.Policy.ExtrinsicValueEstimate.mean": {
            "value": -0.7629774808883667,
            "min": -1.6550490856170654,
            "max": 2.7096762657165527,
            "count": 50
        },
        "Parking-S2-1_CarDrive.Environment.CumulativeReward.mean": {
            "value": -0.20676691729323307,
            "min": -1.9873684210526317,
            "max": -0.20676691729323307,
            "count": 50
        },
        "Parking-S2-1_CarDrive.Policy.ExtrinsicReward.mean": {
            "value": -0.20676691729323307,
            "min": -1.9873684210526317,
            "max": -0.20676691729323307,
            "count": 50
        },
        "Parking-S2-1_CarDrive.IsTraining.mean": {
            "value": 1.0,
            "min": 1.0,
            "max": 1.0,
            "count": 50
        },
        "Parking-S2-1_CarDrive.Losses.ValueLoss.mean": {
            "value": 3.674285888671875,
            "min": 0.2156696766614914,
            "max": 29.431949615478516,
            "count": 48
        },
        "Parking-S2-1_CarDrive.Losses.PolicyLoss.mean": {
            "value": 0.024675505235791206,
            "min": 0.01865440607070923,
            "max": 0.03409481793642044,
            "count": 48
        },
        "Parking-S2-1_CarDrive.Policy.LearningRate.mean": {
            "value": 4.821102265850641e-06,
            "min": 4.821102265850641e-06,
            "max": 0.0002938488614745438,
            "count": 48
        }
    },
    "metadata": {
        "timer_format_version": "0.1.0",
        "start_time_seconds": "1592380370",
        "python_version": "3.7.7 (tags/v3.7.7:d7c567b08f, Mar 10 2020, 10:41:24) [MSC v.1900 64 bit (AMD64)]",
        "command_line_arguments": "C:\\Users\\abate\\AppData\\Local\\Programs\\Python\\Python37\\Scripts\\mlagents-learn trainer_config.yaml --run-id=Parking-S2-1 --initialize-from=Parking-S1-3 --force",
        "mlagents_version": "0.16.1",
        "mlagents_envs_version": "0.16.1",
        "communication_protocol_version": "1.0.0",
        "tensorflow_version": "2.2.0",
        "end_time_seconds": "1592381193"
    },
    "total": 822.5474843,
    "count": 1,
    "self": 0.19784690000005867,
    "children": {
        "run_training.setup": {
            "total": 0.006831200000000148,
            "count": 1,
            "self": 0.006831200000000148
        },
        "TrainerController.start_learning": {
            "total": 822.3428061999999,
            "count": 1,
            "self": 31.134342100004005,
            "children": {
                "TrainerController._reset_env": {
                    "total": 7.5133198,
                    "count": 1,
                    "self": 7.5133198
                },
                "TrainerController.advance": {
                    "total": 783.0365943999959,
                    "count": 70871,
                    "self": 0.9271142000046666,
                    "children": {
                        "env_step": {
                            "total": 782.1094801999913,
                            "count": 70871,
                            "self": 750.0651581000117,
                            "children": {
                                "SubprocessEnvManager._take_step": {
                                    "total": 31.093174299988434,
                                    "count": 70871,
                                    "self": 1.939509699984427,
                                    "children": {
                                        "NNPolicy.evaluate": {
                                            "total": 29.153664600004007,
                                            "count": 41677,
                                            "self": 29.153664600004007
                                        }
                                    }
                                },
                                "workers": {
                                    "total": 0.9511477999911495,
                                    "count": 70871,
                                    "self": 0.0,
                                    "children": {
                                        "worker_root": {
                                            "total": 812.1752562000132,
                                            "count": 70871,
                                            "is_parallel": true,
                                            "self": 186.6646629000153,
                                            "children": {
                                                "steps_from_proto": {
                                                    "total": 0.0008175999999995298,
                                                    "count": 1,
                                                    "is_parallel": true,
                                                    "self": 0.00022819999999956764,
                                                    "children": {
                                                        "_process_vector_observation": {
                                                            "total": 0.0005893999999999622,
                                                            "count": 4,
                                                            "is_parallel": true,
                                                            "self": 0.0005893999999999622
                                                        }
                                                    }
                                                },
                                                "UnityEnvironment.step": {
                                                    "total": 625.5097756999979,
                                                    "count": 70871,
                                                    "is_parallel": true,
                                                    "self": 10.359585400002857,
                                                    "children": {
                                                        "UnityEnvironment._generate_step_input": {
                                                            "total": 7.307442899992166,
                                                            "count": 70871,
                                                            "is_parallel": true,
                                                            "self": 7.307442899992166
                                                        },
                                                        "communicator.exchange": {
                                                            "total": 574.5433443000013,
                                                            "count": 70871,
                                                            "is_parallel": true,
                                                            "self": 574.5433443000013
                                                        },
                                                        "steps_from_proto": {
                                                            "total": 33.29940310000165,
                                                            "count": 70871,
                                                            "is_parallel": true,
                                                            "self": 6.739698299979864,