{
    "name": "root",
    "gauges": {
        "Parking-S1-2_CarDrive.Policy.Entropy.mean": {
            "value": 1.3275035619735718,
            "min": 1.3275035619735718,
            "max": 1.3742859363555908,
            "count": 50
        },
        "Parking-S1-2_CarDrive.Environment.EpisodeLength.mean": {
            "value": 13.402017291066283,
            "min": 13.287142857142857,
            "max": 15.054662379421222,
            "count": 50
        },
        "Parking-S1-2_CarDrive.Policy.ExtrinsicValueEstimate.mean": {
            "value": 1.7880789041519165,
            "min": -0.3624882102012634,
            "max": 1.8509351015090942,
            "count": 50
        },
        "Parking-S1-2_CarDrive.Environment.CumulativeReward.mean": {
            "value": 2.0180115273775217,
            "min": 0.2608346709470305,
            "max": 2.1788793103448274,
            "count": 50
        },
        "Parking-S1-2_CarDrive.Policy.ExtrinsicReward.mean": {
            "value": 2.0180115273775217,
            "min": 0.2608346709470305,
            "max": 2.1788793103448274,
            "count": 50
        },
        "Parking-S1-2_CarDrive.IsTraining.mean": {
            "value": 1.0,
            "min": 1.0,
            "max": 1.0,
            "count": 50
        },
        "Parking-S1-2_CarDrive.Losses.ValueLoss.mean": {
            "value": 1.6712071895599365,
            "min": 1.5674680471420288,
            "max": 7.072387218475342,
            "count": 48
        },
        "Parking-S1-2_CarDrive.Losses.PolicyLoss.mean": {
            "value": 0.02358914539217949,
            "min": 0.016967326402664185,
            "max": 0.032457608729600906,
            "count": 48
        },
        "Parking-S1-2_CarDrive.Policy.LearningRate.mean": {
            "value": 4.800699116458418e-06,
            "min": 4.800699116458418e-06,
            "max": 0.00029384405934251845,
            "count": 48
        }
    },
    "metadata": {
        "timer_format_version": "0.1.0",
        "start_time_seconds": "1592316934",
        "python_version": "3.7.7 (tags/v3.7.7:d7c567b08f, Mar 10 2020, 10:41:24) [MSC v.1900 64 bit (AMD64)]",
        "command_line_arguments": "C:\\Users\\abate\\AppData\\Local\\Programs\\Python\\Python37\\Scripts\\mlagents-learn trainer_config.yaml --run-id=Parking-S1-2 --initialize-from=Parking-S1-1",
        "mlagents_version": "0.16.1",
        "mlagents_envs_version": "0.16.1",
        "communication_protocol_version": "1.0.0",
        "tensorflow_version": "2.2.0",
        "end_time_seconds": "1592317986"
    },
    "total": 1052.2165299,
    "count": 1,
    "self": 0.30968929999994543,
    "children": {
        "run_training.setup": {
            "total": 0.007164199999999621,
            "count": 1,
            "self": 0.007164199999999621
        },
        "TrainerController.start_learning": {
            "total": 1051.8996764,
            "count": 1,
            "self": 36.940763000017114,
            "children": {
                "TrainerController._reset_env": {
                    "total": 10.4708977,
                    "count": 1,
                    "self": 10.4708977
                },
                "TrainerController.advance": {
                    "total": 1003.803418899983,
                    "count": 68080,
                    "self": 0.9799785999828146,
                    "children": {
                        "env_step": {
                            "total": 1002.8234403000001,
                            "count": 68080,
                            "self": 966.5227001999998,
                            "children": {
                                "SubprocessEnvManager._take_step": {
                                    "total": 35.30658440000253,
                                    "count": 68080,
                                    "self": 2.199485000009794,
                                    "children": {
                                        "NNPolicy.evaluate": {
                                            "total": 33.107099399992734,
                                            "count": 41679,
                                            "self": 33.107099399992734
                                        }
                                    }
                                },
                                "workers": {
                                    "total": 0.9941556999977692,
                                    "count": 68080,
                                    "self": 0.0,
                                    "children": {
                                        "worker_root": {
                                            "total": 1038.431869000006,
                                            "count": 68080,
                                            "is_parallel": true,
                                            "self": 206.0840014000039,
                                            "children": {
                                                "steps_from_proto": {
                                                    "total": 0.0008420000000004535,
                                                    "count": 1,
                                                    "is_parallel": true,
                                                    "self": 0.0001934000000023417,
                                                    "children": {
                                                        "_process_vector_observation": {
                                                            "total": 0.0006485999999981118,
                                                            "count": 4,
                                                            "is_parallel": true,
                                                            "self": 0.0006485999999981118
                                                        }
                                                    }
                                                },
                                                "UnityEnvironment.step": {
                                                    "total": 832.347025600002,
                                                    "count": 68080,
                                                    "is_parallel": true,
                                                    "self": 11.792335799987313,
                                                    "children": {
                                                        "UnityEnvironment._generate_step_input": {
                                                            "total": 8.27767789999813,
                                                            "count": 68080,
                                                            "is_parallel": true,
                                                            "self": 8.27767789999813
                                                        },
                                                        "communicator.exchange": {
                                                            "total": 773.4869892000049,
                                                            "count": 68080,
                                                            "is_parallel": true,
                                                            "self": 773.4869892000049
                                                        },
                                                        "steps_from_proto": {
                                                            "total": 38.79002270001157,
                                                            "count": 68080,
                                                            "is_parallel": true,
                                                            "self": 7.854804500045049,