{
    "name": "root",
    "gauges": {
        "Parking-S2-5_CarDrive.Policy.Entropy.mean": {
            "value": 1.1871298551559448,
            "min": 1.184769630432129,
            "max": 1.19388747215271,
            "count": 50
        },
        "Parking-S2-5_CarDrive.Environment.EpisodeLength.mean": {
            "value": 73.25874125874125,
            "min": 23.715686274509803,
            "max": 87.99264705882354,
            "count": 50
        },
        "Parking-S2-5_CarDrive.Policy.ExtrinsicValueEstimate.mean": {
            "value": -0.6637319326400757,
            "min": -1.521658182144165,
            "max": -0.6627950668334961,
            "count": 50
        },
        "Parking-S2-5_CarDrive.Environment.CumulativeReward.mean": {
            "value": -1.28125,
            "min": -1.9945054945054945,
            "max": -1.1948529411764706,
            "count": 50
        },
        "Parking-S2-5_CarDrive.Policy.ExtrinsicReward.mean": {
            "value": -1.28125,
            "min": -1.9945054945054945,
            "max": -1.1948529411764706,
            "count": 50
        },
        "Parking-S2-5_CarDrive.IsTraining.mean": {
            "value": 1.0,
            "min": 1.0,
            "max": 1.0,
            "count": 50
        },
        "Parking-S2-5_CarDrive.Losses.ValueLoss.mean": {
            "value": 0.03297298774123192,
            "min": 0.015421408228576183,
            "max": 0.1161598339676857,
            "count": 48
        },
        "Parking-S2-5_CarDrive.Losses.PolicyLoss.mean": {
            "value": 0.026584986597299576,
            "min": 0.015098115429282188,
            "max": 0.032970063388347626,
            "count": 48
        },
        "Parking-S2-5_CarDrive.Policy.LearningRate.mean": {
            "value": 4.4586986405192874e-06,
            "min": 4.4586986405192874e-06,
            "max": 0.00029384755180217326,
            "count": 48
        }
    },
    "metadata": {
        "timer_format_version": "0.1.0",
        "start_time_seconds": "1592387131",
        "python_version": "3.7.7 (tags/v3.7.7:d7c567b08f, Mar 10 2020, 10:41:24) [MSC v.1900 64 bit (AMD64)]",
        "command_line_arguments": "C:\\Users\\abate\\AppData\\Local\\Programs\\Python\\Python37\\Scripts\\mlagents-learn trainer_config.yaml --run-id=Parking-S2-5 --initialize-from=Parking-S2-4",
        "mlagents_version": "0.16.1",
        "mlagents_envs_version": "0.16.1",
        "communication_protocol_version": "1.0.0",
        "tensorflow_version": "2.2.0",
        "end_time_seconds": "1592387868"
    },
    "total": 736.4113843,
    "count": 1,
    "self": 0.2015903999999864,
    "children": {
        "run_training.setup": {
            "total": 0.007356199999999813,
            "count": 1,
            "self": 0.007356199999999813
        },
        "TrainerController.start_learning": {
            "total": 736.2024377,
            "count": 1,
            "self": 25.028093999995804,
            "children": {
                "TrainerController._reset_env": {
                    "total": 9.0119717,
                    "count": 1,
                    "self": 9.0119717
                },
                "TrainerController.advance": {
                    "total": 701.5695305000042,
                    "count": 50393,
                    "self": 0.6261957000112943,
                    "children": {
                        "env_step": {
                            "total": 700.943334799993,
                            "count": 50393,
                            "self": 667.797110000007,
                            "children": {
                                "SubprocessEnvManager._take_step": {
                                    "total": 32.48693439999395,
                                    "count": 50393,
                                    "self": 1.6881322999903148,
                                    "children": {
                                        "NNPolicy.evaluate": {
                                            "total": 30.798802100003634,
                                            "count": 41705,
                                            "self": 30.798802100003634
                                        }
                                    }
                                },
                                "workers": {
                                    "total": 0.6592903999919955,
                                    "count": 50393,
                                    "self": 0.0,
                                    "children": {
                                        "worker_root": {
                                            "total": 725.1329023999921,
                                            "count": 50393,
                                            "is_parallel": true,
                                            "self": 147.79188639998142,
                                            "children": {
                                                "steps_from_proto": {
                                                    "total": 0.0008183000000006047,
                                                    "count": 1,
                                                    "is_parallel": true,
                                                    "self": 0.00021140000000308135,
                                                    "children": {
                                                        "_process_vector_observation": {
                                                            "total": 0.0006068999999975233,
                                                            "count": 4,
                                                            "is_parallel": true,
                                                            "self": 0.0006068999999975233
                                                        }
                                                    }
                                                },
                                                "UnityEnvironment.step": {
                                                    "total": 577.3401977000107,
                                                    "count": 50393,
                                                    "is_parallel": true,
                                                    "self": 8.260405200003675,
                                                    "children": {
                                                        "UnityEnvironment._generate_step_input": {
                                                            "total": 6.589784599997982,
                                                            "count": 50393,
                                                            "is_parallel": true,
                                                            "self": 6.589784599997982
                                                        },
                                                        "communicator.exchange": {
                                                            "total": 534.579964100007,
                                                            "count": 50393,
                                                            "is_parallel": true,
                                                            "self": 534.579964100007
                                                        },
                                                        "steps_from_proto": {
                                                            "total": 27.910043800001954,
                                                            "count": 50393,
                                                            "is_parallel": true,
                                                            "self": 5.008117600011488,